species_id,common_name_en,common_name_fr,scientific_name,genus,species,family,order,major_group,taxonomy_source_id,native_status_na,range_summary,verification_status,notes
species:white-tailed-deer,White-tailed deer,Cerf de Virginie,Odocoileus virginianus,Odocoileus,virginianus,Cervidae,Artiodactyla,species_group:deer,source:itis-taxonomy,NATIVE,Widespread Canada and United States,SOURCE_FOUND,
species:mule-deer,Mule deer,Cerf mulet,Odocoileus hemionus,Odocoileus,hemionus,Cervidae,Artiodactyla,species_group:deer,source:itis-taxonomy,NATIVE,Western North America,SOURCE_FOUND,Includes black-tailed forms; subspecies handling needs review
species:moose,Moose,Orignal,Alces alces,Alces,alces,Cervidae,Artiodactyla,species_group:big-game,source:itis-taxonomy,NATIVE,Boreal and northern North America,SOURCE_FOUND,Some taxonomies split North American moose; retain stable ID
species:elk,Elk,Wapiti,Cervus canadensis,Cervus,canadensis,Cervidae,Artiodactyla,species_group:big-game,source:itis-taxonomy,NATIVE,Western and locally restored North America,SOURCE_FOUND,Wapiti is exact alias in North American context
species:caribou,Caribou,Caribou,Rangifer tarandus,Rangifer,tarandus,Cervidae,Artiodactyla,species_group:big-game,source:itis-taxonomy,NATIVE,Northern and boreal North America,SOURCE_FOUND,Population and subspecies distinctions are legally material
species:american-black-bear,American black bear,Ours noir,Ursus americanus,Ursus,americanus,Ursidae,Carnivora,species_group:big-game,source:itis-taxonomy,NATIVE,Canada United States and northern Mexico,SOURCE_FOUND,
species:brown-bear,Brown bear,Ours brun,Ursus arctos,Ursus,arctos,Ursidae,Carnivora,species_group:big-game,source:itis-taxonomy,NATIVE,Alaska western/northern Canada,SOURCE_FOUND,Grizzly is a regional/subspecific common name
species:bighorn-sheep,Bighorn sheep,Mouflon d'Amérique,Ovis canadensis,Ovis,canadensis,Bovidae,Artiodactyla,species_group:wild-sheep,source:itis-taxonomy,NATIVE,Western North America,SOURCE_FOUND,
species:dall-sheep,Dall sheep,Mouflon de Dall,Ovis dalli,Ovis,dalli,Bovidae,Artiodactyla,species_group:wild-sheep,source:itis-taxonomy,NATIVE,Alaska Yukon Northwest Territories and northwest British Columbia,SOURCE_FOUND,Stone sheep taxonomy/identity requires separate review
species:mountain-goat,Mountain goat,Chèvre de montagne,Oreamnos americanus,Oreamnos,americanus,Bovidae,Artiodactyla,species_group:big-game,source:itis-taxonomy,NATIVE,Western mountain ranges of North America,SOURCE_FOUND,
species:pronghorn,Pronghorn,Antilope d'Amérique,Antilocapra americana,Antilocapra,americana,Antilocapridae,Artiodactyla,species_group:big-game,source:itis-taxonomy,NATIVE,Western and central North America,SOURCE_FOUND,Not a true antelope
species:muskox,Muskox,Bœuf musqué,Ovibos moschatus,Ovibos,moschatus,Bovidae,Artiodactyla,species_group:big-game,source:itis-taxonomy,NATIVE,Arctic Canada and Alaska,SOURCE_FOUND,Quota and beneficiary frameworks are jurisdiction-specific
species:polar-bear,Polar bear,Ours blanc,Ursus maritimus,Ursus,maritimus,Ursidae,Carnivora,species_group:big-game,source:itis-taxonomy,NATIVE,Arctic marine regions,SOURCE_FOUND,Harvest is co-managed and not ordinary recreational hunting in many contexts
species:wild-boar,Wild boar,Sanglier,Sus scrofa,Sus,scrofa,Suidae,Artiodactyla,species_group:wild-pig,source:itis-taxonomy,INTRODUCED,Introduced and feral populations across parts of North America,SOURCE_FOUND,Legal treatment varies from game to invasive control
species:mountain-lion,Mountain lion,Couguar,Puma concolor,Puma,concolor,Felidae,Carnivora,species_group:predators,source:itis-taxonomy,NATIVE,Western North America with localized eastern occurrence,SOURCE_FOUND,Cougar and puma are common aliases
species:wild-turkey,Wild turkey,Dindon sauvage,Meleagris gallopavo,Meleagris,gallopavo,Phasianidae,Galliformes,species_group:upland-game-birds,source:itis-taxonomy,NATIVE,United States southern Canada and introductions,SOURCE_FOUND,
species:ruffed-grouse,Ruffed grouse,Gélinotte huppée,Bonasa umbellus,Bonasa,umbellus,Phasianidae,Galliformes,species_group:grouse,source:itis-taxonomy,NATIVE,Forested Canada and northern/eastern United States,SOURCE_FOUND,
species:spruce-grouse,Spruce grouse,Tétras du Canada,Canachites canadensis,Canachites,canadensis,Phasianidae,Galliformes,species_group:grouse,source:itis-taxonomy,NATIVE,Boreal North America,SOURCE_FOUND,Historic scientific genus Falcipennis
species:sharp-tailed-grouse,Sharp-tailed grouse,Tétras à queue fine,Tympanuchus phasianellus,Tympanuchus,phasianellus,Phasianidae,Galliformes,species_group:grouse,source:itis-taxonomy,NATIVE,Grassland and parkland North America,SOURCE_FOUND,
species:greater-sage-grouse,Greater sage-grouse,Tétras des armoises,Centrocercus urophasianus,Centrocercus,urophasianus,Phasianidae,Galliformes,species_group:grouse,source:itis-taxonomy,NATIVE,Western sagebrush ecosystems,SOURCE_FOUND,Many populations closed or highly restricted; no general huntability inference
species:dusky-grouse,Dusky grouse,Tétras sombre,Dendragapus obscurus,Dendragapus,obscurus,Phasianidae,Galliformes,species_group:grouse,source:itis-taxonomy,NATIVE,Interior western North America,SOURCE_FOUND,Formerly grouped with blue grouse
species:sooty-grouse,Sooty grouse,Tétras fuligineux,Dendragapus fuliginosus,Dendragapus,fuliginosus,Phasianidae,Galliformes,species_group:grouse,source:itis-taxonomy,NATIVE,Pacific coastal North America,SOURCE_FOUND,Formerly grouped with blue grouse
species:willow-ptarmigan,Willow ptarmigan,Lagopède des saules,Lagopus lagopus,Lagopus,lagopus,Phasianidae,Galliformes,species_group:ptarmigan,source:itis-taxonomy,NATIVE,Northern and alpine North America,SOURCE_FOUND,
species:rock-ptarmigan,Rock ptarmigan,Lagopède alpin,Lagopus muta,Lagopus,muta,Phasianidae,Galliformes,species_group:ptarmigan,source:itis-taxonomy,NATIVE,Arctic and alpine North America,SOURCE_FOUND,
species:white-tailed-ptarmigan,White-tailed ptarmigan,Lagopède à queue blanche,Lagopus leucura,Lagopus,leucura,Phasianidae,Galliformes,species_group:ptarmigan,source:itis-taxonomy,NATIVE,Western alpine North America,SOURCE_FOUND,
species:ring-necked-pheasant,Ring-necked pheasant,Faisan de Colchide,Phasianus colchicus,Phasianus,colchicus,Phasianidae,Galliformes,species_group:upland-game-birds,source:itis-taxonomy,INTRODUCED,Introduced broadly in agricultural North America,SOURCE_FOUND,
species:gray-partridge,Gray partridge,Perdrix grise,Perdix perdix,Perdix,perdix,Phasianidae,Galliformes,species_group:upland-game-birds,source:itis-taxonomy,INTRODUCED,Introduced in parts of Canada and United States,SOURCE_FOUND,
species:chukar,Chukar,Perdrix choukar,Alectoris chukar,Alectoris,chukar,Phasianidae,Galliformes,species_group:upland-game-birds,source:itis-taxonomy,INTRODUCED,Introduced in arid western North America,SOURCE_FOUND,
species:northern-bobwhite,Northern bobwhite,Colin de Virginie,Colinus virginianus,Colinus,virginianus,Odontophoridae,Galliformes,species_group:quail,source:itis-taxonomy,NATIVE,Eastern and central United States with limited Canadian occurrence,SOURCE_FOUND,
species:american-woodcock,American woodcock,Bécasse d'Amérique,Scolopax minor,Scolopax,minor,Scolopacidae,Charadriiformes,species_group:migratory-game-birds,source:itis-taxonomy,NATIVE,Eastern North America,SOURCE_FOUND,Federal migratory game bird framework applies
species:wilsons-snipe,Wilson's snipe,Bécassine de Wilson,Gallinago delicata,Gallinago,delicata,Scolopacidae,Charadriiformes,species_group:migratory-game-birds,source:itis-taxonomy,NATIVE,North America,SOURCE_FOUND,Federal migratory game bird framework applies
species:sandhill-crane,Sandhill crane,Grue du Canada,Antigone canadensis,Antigone,canadensis,Gruidae,Gruiformes,species_group:migratory-game-birds,source:itis-taxonomy,NATIVE,North America,SOURCE_FOUND,Current hunting exists only in specified jurisdictions/areas
species:whooping-crane,Whooping crane,Grue blanche,Grus americana,Grus,americana,Gruidae,Gruiformes,species_group:migratory-game-birds,source:itis-taxonomy,NATIVE,Central North American migration corridor and limited populations,SOURCE_FOUND,Protected non-target species included for critical identification risk
species:snowshoe-hare,Snowshoe hare,Lièvre d'Amérique,Lepus americanus,Lepus,americanus,Leporidae,Lagomorpha,species_group:hares-rabbits,source:itis-taxonomy,NATIVE,Boreal and northern North America,SOURCE_FOUND,
species:arctic-hare,Arctic hare,Lièvre arctique,Lepus arcticus,Lepus,arcticus,Leporidae,Lagomorpha,species_group:hares-rabbits,source:itis-taxonomy,NATIVE,Arctic Canada and Greenland,SOURCE_FOUND,
species:white-tailed-jackrabbit,White-tailed jackrabbit,Lièvre de Townsend,Lepus townsendii,Lepus,townsendii,Leporidae,Lagomorpha,species_group:hares-rabbits,source:itis-taxonomy,NATIVE,Central and western North America,SOURCE_FOUND,
species:black-tailed-jackrabbit,Black-tailed jackrabbit,Lièvre de Californie,Lepus californicus,Lepus,californicus,Leporidae,Lagomorpha,species_group:hares-rabbits,source:itis-taxonomy,NATIVE,Western and central North America,SOURCE_FOUND,
species:eastern-cottontail,Eastern cottontail,Lapin à queue blanche,Sylvilagus floridanus,Sylvilagus,floridanus,Leporidae,Lagomorpha,species_group:hares-rabbits,source:itis-taxonomy,NATIVE,Eastern and central North America,SOURCE_FOUND,
species:mountain-cottontail,Mountain cottontail,Lapin de Nuttall,Sylvilagus nuttallii,Sylvilagus,nuttallii,Leporidae,Lagomorpha,species_group:hares-rabbits,source:itis-taxonomy,NATIVE,Western North America,SOURCE_FOUND,
species:eastern-gray-squirrel,Eastern gray squirrel,Écureuil gris,Sciurus carolinensis,Sciurus,carolinensis,Sciuridae,Rodentia,species_group:squirrels,source:itis-taxonomy,NATIVE,Eastern North America with introductions in west,SOURCE_FOUND,
species:fox-squirrel,Fox squirrel,Écureuil fauve,Sciurus niger,Sciurus,niger,Sciuridae,Rodentia,species_group:squirrels,source:itis-taxonomy,NATIVE,Central and eastern United States,SOURCE_FOUND,
species:mallard,Mallard,Canard colvert,Anas platyrhynchos,Anas,platyrhynchos,Anatidae,Anseriformes,species_group:ducks,source:itis-taxonomy,NATIVE,North America,SOURCE_FOUND,
species:american-black-duck,American black duck,Canard noir,Anas rubripes,Anas,rubripes,Anatidae,Anseriformes,species_group:ducks,source:itis-taxonomy,NATIVE,Eastern North America,SOURCE_FOUND,
species:wood-duck,Wood duck,Canard branchu,Aix sponsa,Aix,sponsa,Anatidae,Anseriformes,species_group:ducks,source:itis-taxonomy,NATIVE,North America,SOURCE_FOUND,
species:northern-pintail,Northern pintail,Canard pilet,Anas acuta,Anas,acuta,Anatidae,Anseriformes,species_group:ducks,source:itis-taxonomy,NATIVE,North America and circumpolar,SOURCE_FOUND,
species:green-winged-teal,Green-winged teal,Sarcelle d'hiver,Anas crecca,Anas,crecca,Anatidae,Anseriformes,species_group:ducks,source:itis-taxonomy,NATIVE,North America and Eurasia,SOURCE_FOUND,Taxonomic treatment of North American form carolinensis needs monitoring
species:blue-winged-teal,Blue-winged teal,Sarcelle à ailes bleues,Spatula discors,Spatula,discors,Anatidae,Anseriformes,species_group:ducks,source:itis-taxonomy,NATIVE,North America,SOURCE_FOUND,Historic genus Anas
species:canvasback,Canvasback,Fuligule à dos blanc,Aythya valisineria,Aythya,valisineria,Anatidae,Anseriformes,species_group:ducks,source:itis-taxonomy,NATIVE,North America,SOURCE_FOUND,
species:ring-necked-duck,Ring-necked duck,Fuligule à collier,Aythya collaris,Aythya,collaris,Anatidae,Anseriformes,species_group:ducks,source:itis-taxonomy,NATIVE,North America,SOURCE_FOUND,
species:canada-goose,Canada goose,Bernache du Canada,Branta canadensis,Branta,canadensis,Anatidae,Anseriformes,species_group:geese,source:itis-taxonomy,NATIVE,North America,SOURCE_FOUND,Do not conflate with cackling goose
species:cackling-goose,Cackling goose,Bernache de Hutchins,Branta hutchinsii,Branta,hutchinsii,Anatidae,Anseriformes,species_group:geese,source:itis-taxonomy,NATIVE,North America,SOURCE_FOUND,Formerly treated within Canada goose complex
species:snow-goose,Snow goose,Oie des neiges,Anser caerulescens,Anser,caerulescens,Anatidae,Anseriformes,species_group:geese,source:itis-taxonomy,NATIVE,North America,SOURCE_FOUND,Historic genus Chen
species:rosss-goose,Ross's goose,Oie de Ross,Anser rossii,Anser,rossii,Anatidae,Anseriformes,species_group:geese,source:itis-taxonomy,NATIVE,North America,SOURCE_FOUND,Historic genus Chen
species:greater-white-fronted-goose,Greater white-fronted goose,Oie rieuse,Anser albifrons,Anser,albifrons,Anatidae,Anseriformes,species_group:geese,source:itis-taxonomy,NATIVE,North America and Eurasia,SOURCE_FOUND,
species:brant,Brant,Bernache cravant,Branta bernicla,Branta,bernicla,Anatidae,Anseriformes,species_group:geese,source:itis-taxonomy,NATIVE,Coastal North America and circumpolar,SOURCE_FOUND,
species:coyote,Coyote,Coyote,Canis latrans,Canis,latrans,Canidae,Carnivora,species_group:predators,source:itis-taxonomy,NATIVE,Most of North America,SOURCE_FOUND,Legal classification varies and may overlap furbearer rules
species:gray-wolf,Gray wolf,Loup gris,Canis lupus,Canis,lupus,Canidae,Carnivora,species_group:predators,source:itis-taxonomy,NATIVE,Canada Alaska and parts of contiguous United States,SOURCE_FOUND,Federal/state protection and population-specific rules are complex
species:bobcat,Bobcat,Lynx roux,Lynx rufus,Lynx,rufus,Felidae,Carnivora,species_group:predators,source:itis-taxonomy,NATIVE,North America,SOURCE_FOUND,Often regulated as furbearer; hunting versus trapping distinction required
species:american-bison,American bison,Bison d'Amérique,Bison bison,Bison,bison,Bovidae,Artiodactyla,species_group:big-game,source:itis-taxonomy,NATIVE,Great Plains and restored western/northern populations,SOURCE_FOUND,Most opportunities are permit quota or special-area hunts
species:collared-peccary,Collared peccary,Pécari à collier,Pecari tajacu,Pecari,tajacu,Tayassuidae,Artiodactyla,species_group:peccaries,source:itis-taxonomy,NATIVE,Southwestern United States through tropical Americas,SOURCE_FOUND,Javelina is the dominant U.S. regulatory name
species:axis-deer,Axis deer,Cerf axis,Axis axis,Axis,axis,Cervidae,Artiodactyla,species_group:exotic-big-game,source:itis-taxonomy,INTRODUCED,Free-ranging introduced populations in Hawaii and Texas,SOURCE_FOUND,
species:fallow-deer,Fallow deer,Daim européen,Dama dama,Dama,dama,Cervidae,Artiodactyla,species_group:exotic-big-game,source:itis-taxonomy,INTRODUCED,Localized introduced populations in North America,SOURCE_FOUND,
species:sika-deer,Sika deer,Cerf sika,Cervus nippon,Cervus,nippon,Cervidae,Artiodactyla,species_group:exotic-big-game,source:itis-taxonomy,INTRODUCED,Localized free-ranging populations including Maryland and Texas,SOURCE_FOUND,
species:barbary-sheep,Barbary sheep,Mouflon à manchettes,Ammotragus lervia,Ammotragus,lervia,Bovidae,Artiodactyla,species_group:exotic-big-game,source:itis-taxonomy,INTRODUCED,Introduced populations in the southwestern United States,SOURCE_FOUND,Aoudad is a common regulatory alias
species:nilgai,Nilgai,Nilgaut,Boselaphus tragocamelus,Boselaphus,tragocamelus,Bovidae,Artiodactyla,species_group:exotic-big-game,source:itis-taxonomy,INTRODUCED,Introduced free-ranging populations in southern Texas,SOURCE_FOUND,
species:greater-prairie-chicken,Greater prairie-chicken,Tétras des prairies,Tympanuchus cupido,Tympanuchus,cupido,Phasianidae,Galliformes,species_group:prairie-grouse,source:itis-taxonomy,NATIVE,Central United States with fragmented populations,SOURCE_FOUND,Some populations/states are closed or permit-limited
species:lesser-prairie-chicken,Lesser prairie-chicken,Tétras pâle,Tympanuchus pallidicinctus,Tympanuchus,pallidicinctus,Phasianidae,Galliformes,species_group:prairie-grouse,source:itis-taxonomy,NATIVE,Southern Great Plains,SOURCE_FOUND,Federal conservation status makes current hunting evidence especially sensitive
species:gunnison-sage-grouse,Gunnison sage-grouse,Tétras du Gunnison,Centrocercus minimus,Centrocercus,minimus,Phasianidae,Galliformes,species_group:grouse,source:itis-taxonomy,NATIVE,Southwestern Colorado and southeastern Utah,SOURCE_FOUND,Protected; included for identification and group-exclusion safety
species:california-quail,California quail,Colin de Californie,Callipepla californica,Callipepla,californica,Odontophoridae,Galliformes,species_group:quail,source:itis-taxonomy,NATIVE,Pacific western North America with introductions,SOURCE_FOUND,
species:gambels-quail,Gambel's quail,Colin de Gambel,Callipepla gambelii,Callipepla,gambelii,Odontophoridae,Galliformes,species_group:quail,source:itis-taxonomy,NATIVE,Southwestern deserts,SOURCE_FOUND,
species:scaled-quail,Scaled quail,Colin écaillé,Callipepla squamata,Callipepla,squamata,Odontophoridae,Galliformes,species_group:quail,source:itis-taxonomy,NATIVE,Southwestern grasslands,SOURCE_FOUND,
species:mountain-quail,Mountain quail,Colin des montagnes,Oreortyx pictus,Oreortyx,pictus,Odontophoridae,Galliformes,species_group:quail,source:itis-taxonomy,NATIVE,Pacific mountain and shrub habitats,SOURCE_FOUND,
species:montezuma-quail,Montezuma quail,Colin arlequin,Cyrtonyx montezumae,Cyrtonyx,montezumae,Odontophoridae,Galliformes,species_group:quail,source:itis-taxonomy,NATIVE,Southwestern United States and Mexico,SOURCE_FOUND,Mearns's quail is a common alias
species:mourning-dove,Mourning dove,Tourterelle triste,Zenaida macroura,Zenaida,macroura,Columbidae,Columbiformes,species_group:doves-pigeons,source:itis-taxonomy,NATIVE,Most of North America,SOURCE_FOUND,Federal migratory game bird framework applies in the United States
species:white-winged-dove,White-winged dove,Tourterelle à ailes blanches,Zenaida asiatica,Zenaida,asiatica,Columbidae,Columbiformes,species_group:doves-pigeons,source:itis-taxonomy,NATIVE,Southern United States and expanding northward,SOURCE_FOUND,
species:band-tailed-pigeon,Band-tailed pigeon,Pigeon à queue barrée,Patagioenas fasciata,Patagioenas,fasciata,Columbidae,Columbiformes,species_group:doves-pigeons,source:itis-taxonomy,NATIVE,Western North America,SOURCE_FOUND,
species:eurasian-collared-dove,Eurasian collared-dove,Tourterelle turque,Streptopelia decaocto,Streptopelia,decaocto,Columbidae,Columbiformes,species_group:doves-pigeons,source:itis-taxonomy,INTRODUCED,Widespread introduced North American populations,SOURCE_FOUND,Often outside federal migratory-game-bird protection; state treatment varies
species:american-coot,American coot,Foulque d'Amérique,Fulica americana,Fulica,americana,Rallidae,Gruiformes,species_group:rails-coots,source:itis-taxonomy,NATIVE,North America,SOURCE_FOUND,
species:sora,Sora,Marouette de Caroline,Porzana carolina,Porzana,carolina,Rallidae,Gruiformes,species_group:rails-coots,source:itis-taxonomy,NATIVE,North America,SOURCE_FOUND,
species:virginia-rail,Virginia rail,Râle de Virginie,Rallus limicola,Rallus,limicola,Rallidae,Gruiformes,species_group:rails-coots,source:itis-taxonomy,NATIVE,North America,SOURCE_FOUND,
species:king-rail,King rail,Râle élégant,Rallus elegans,Rallus,elegans,Rallidae,Gruiformes,species_group:rails-coots,source:itis-taxonomy,NATIVE,Eastern and central North America,SOURCE_FOUND,Protected or closed in multiple jurisdictions; identification risk
species:common-gallinule,Common gallinule,Gallinule d'Amérique,Gallinula galeata,Gallinula,galeata,Rallidae,Gruiformes,species_group:rails-coots,source:itis-taxonomy,NATIVE,Temperate and tropical Americas,SOURCE_FOUND,
species:purple-gallinule,Purple gallinule,Talève violacée,Porphyrio martinicus,Porphyrio,martinicus,Rallidae,Gruiformes,species_group:rails-coots,source:itis-taxonomy,NATIVE,Southeastern United States and tropical Americas,SOURCE_FOUND,
species:tundra-swan,Tundra swan,Cygne siffleur,Cygnus columbianus,Cygnus,columbianus,Anatidae,Anseriformes,species_group:swans,source:itis-taxonomy,NATIVE,Arctic breeding and North American wintering areas,SOURCE_FOUND,Permit-only hunting in selected U.S. states
species:trumpeter-swan,Trumpeter swan,Cygne trompette,Cygnus buccinator,Cygnus,buccinator,Anatidae,Anseriformes,species_group:swans,source:itis-taxonomy,NATIVE,North American restored populations,SOURCE_FOUND,Protected/non-target lookalike in many tundra-swan hunts
species:mute-swan,Mute swan,Cygne tuberculé,Cygnus olor,Cygnus,olor,Anatidae,Anseriformes,species_group:swans,source:itis-taxonomy,INTRODUCED,Introduced populations in parts of North America,SOURCE_FOUND,Control/hunting classification varies
species:gadwall,Gadwall,Canard chipeau,Mareca strepera,Mareca,strepera,Anatidae,Anseriformes,species_group:ducks,source:itis-taxonomy,NATIVE,North America and Eurasia,SOURCE_FOUND,Historic genus Anas
species:american-wigeon,American wigeon,Canard d'Amérique,Mareca americana,Mareca,americana,Anatidae,Anseriformes,species_group:ducks,source:itis-taxonomy,NATIVE,North America,SOURCE_FOUND,Historic genus Anas
species:northern-shoveler,Northern shoveler,Canard souchet,Spatula clypeata,Spatula,clypeata,Anatidae,Anseriformes,species_group:ducks,source:itis-taxonomy,NATIVE,North America and Eurasia,SOURCE_FOUND,Historic genus Anas
species:cinnamon-teal,Cinnamon teal,Sarcelle cannelle,Spatula cyanoptera,Spatula,cyanoptera,Anatidae,Anseriformes,species_group:ducks,source:itis-taxonomy,NATIVE,Western Americas,SOURCE_FOUND,
species:redhead,Redhead,Fuligule à tête rouge,Aythya americana,Aythya,americana,Anatidae,Anseriformes,species_group:ducks,source:itis-taxonomy,NATIVE,North America,SOURCE_FOUND,
species:greater-scaup,Greater scaup,Fuligule milouinan,Aythya marila,Aythya,marila,Anatidae,Anseriformes,species_group:ducks,source:itis-taxonomy,NATIVE,North America and circumpolar,SOURCE_FOUND,Identification risk with lesser scaup
species:lesser-scaup,Lesser scaup,Petit Fuligule,Aythya affinis,Aythya,affinis,Anatidae,Anseriformes,species_group:ducks,source:itis-taxonomy,NATIVE,North America,SOURCE_FOUND,Identification risk with greater scaup
species:common-goldeneye,Common goldeneye,Garrot à œil d'or,Bucephala clangula,Bucephala,clangula,Anatidae,Anseriformes,species_group:ducks,source:itis-taxonomy,NATIVE,North America and Eurasia,SOURCE_FOUND,
species:barrows-goldeneye,Barrow's goldeneye,Garrot d'Islande,Bucephala islandica,Bucephala,islandica,Anatidae,Anseriformes,species_group:ducks,source:itis-taxonomy,NATIVE,Northwestern and northeastern North America,SOURCE_FOUND,Species-specific limits/protections occur
species:bufflehead,Bufflehead,Petit Garrot,Bucephala albeola,Bucephala,albeola,Anatidae,Anseriformes,species_group:ducks,source:itis-taxonomy,NATIVE,North America,SOURCE_FOUND,
species:ruddy-duck,Ruddy duck,Érismature rousse,Oxyura jamaicensis,Oxyura,jamaicensis,Anatidae,Anseriformes,species_group:ducks,source:itis-taxonomy,NATIVE,North America,SOURCE_FOUND,
species:hooded-merganser,Hooded merganser,Harle couronné,Lophodytes cucullatus,Lophodytes,cucullatus,Anatidae,Anseriformes,species_group:ducks,source:itis-taxonomy,NATIVE,North America,SOURCE_FOUND,
species:common-merganser,Common merganser,Grand Harle,Mergus merganser,Mergus,merganser,Anatidae,Anseriformes,species_group:ducks,source:itis-taxonomy,NATIVE,North America and Eurasia,SOURCE_FOUND,
species:red-breasted-merganser,Red-breasted merganser,Harle huppé,Mergus serrator,Mergus,serrator,Anatidae,Anseriformes,species_group:ducks,source:itis-taxonomy,NATIVE,North America and circumpolar,SOURCE_FOUND,
species:common-eider,Common eider,Eider à duvet,Somateria mollissima,Somateria,mollissima,Anatidae,Anseriformes,species_group:sea-ducks,source:itis-taxonomy,NATIVE,Northern Atlantic coasts,SOURCE_FOUND,
species:king-eider,King eider,Eider à tête grise,Somateria spectabilis,Somateria,spectabilis,Anatidae,Anseriformes,species_group:sea-ducks,source:itis-taxonomy,NATIVE,Arctic coasts,SOURCE_FOUND,
species:surf-scoter,Surf scoter,Macreuse à front blanc,Melanitta perspicillata,Melanitta,perspicillata,Anatidae,Anseriformes,species_group:sea-ducks,source:itis-taxonomy,NATIVE,North America,SOURCE_FOUND,
species:white-winged-scoter,White-winged scoter,Macreuse à ailes blanches,Melanitta deglandi,Melanitta,deglandi,Anatidae,Anseriformes,species_group:sea-ducks,source:itis-taxonomy,NATIVE,North America,SOURCE_FOUND,Taxonomic treatment with M. fusca has changed
species:black-scoter,Black scoter,Macreuse à bec jaune,Melanitta americana,Melanitta,americana,Anatidae,Anseriformes,species_group:sea-ducks,source:itis-taxonomy,NATIVE,Northern North America,SOURCE_FOUND,
species:long-tailed-duck,Long-tailed duck,Harelde kakawi,Clangula hyemalis,Clangula,hyemalis,Anatidae,Anseriformes,species_group:sea-ducks,source:itis-taxonomy,NATIVE,Arctic breeding and temperate coastal wintering areas,SOURCE_FOUND,Oldsquaw is a historical alias
species:harlequin-duck,Harlequin duck,Arlequin plongeur,Histrionicus histrionicus,Histrionicus,histrionicus,Anatidae,Anseriformes,species_group:sea-ducks,source:itis-taxonomy,NATIVE,Northern coastal and mountain-stream habitats,SOURCE_FOUND,Closed/protected in some jurisdictions
species:american-crow,American crow,Corneille d'Amérique,Corvus brachyrhynchos,Corvus,brachyrhynchos,Corvidae,Passeriformes,species_group:crows,source:itis-taxonomy,NATIVE,Most of North America,SOURCE_FOUND,Federal treaty and state season framework in the United States
species:fish-crow,Fish crow,Corneille de rivage,Corvus ossifragus,Corvus,ossifragus,Corvidae,Passeriformes,species_group:crows,source:itis-taxonomy,NATIVE,Eastern and southeastern United States,SOURCE_FOUND,Often included in state crow seasons
species:american-red-squirrel,American red squirrel,Écureuil roux,Tamiasciurus hudsonicus,Tamiasciurus,hudsonicus,Sciuridae,Rodentia,species_group:squirrels,source:itis-taxonomy,NATIVE,Northern North America,SOURCE_FOUND,
species:aberts-squirrel,Abert's squirrel,Écureuil d'Abert,Sciurus aberti,Sciurus,aberti,Sciuridae,Rodentia,species_group:squirrels,source:itis-taxonomy,NATIVE,Southwestern conifer forests,SOURCE_FOUND,
species:desert-cottontail,Desert cottontail,Lapin d'Audubon,Sylvilagus audubonii,Sylvilagus,audubonii,Leporidae,Lagomorpha,species_group:hares-rabbits,source:itis-taxonomy,NATIVE,Western North America,SOURCE_FOUND,
species:swamp-rabbit,Swamp rabbit,Lapin aquatique,Sylvilagus aquaticus,Sylvilagus,aquaticus,Leporidae,Lagomorpha,species_group:hares-rabbits,source:itis-taxonomy,NATIVE,South-central United States,SOURCE_FOUND,
species:brush-rabbit,Brush rabbit,Lapin de Bachman,Sylvilagus bachmani,Sylvilagus,bachmani,Leporidae,Lagomorpha,species_group:hares-rabbits,source:itis-taxonomy,NATIVE,Pacific coastal western North America,SOURCE_FOUND,
species:woodchuck,Woodchuck,Marmotte commune,Marmota monax,Marmota,monax,Sciuridae,Rodentia,species_group:small-game,source:itis-taxonomy,NATIVE,Eastern and northern North America,SOURCE_FOUND,Groundhog is an exact common alias
species:raccoon,Raccoon,Raton laveur,Procyon lotor,Procyon,lotor,Procyonidae,Carnivora,species_group:furbearers,source:itis-taxonomy,NATIVE,North America,SOURCE_FOUND,Hunting and trapping seasons differ
species:virginia-opossum,Virginia opossum,Opossum de Virginie,Didelphis virginiana,Didelphis,virginiana,Didelphidae,Didelphimorphia,species_group:furbearers,source:itis-taxonomy,NATIVE,Eastern and expanding western North America,SOURCE_FOUND,
species:american-badger,American badger,Blaireau d'Amérique,Taxidea taxus,Taxidea,taxus,Mustelidae,Carnivora,species_group:furbearers,source:itis-taxonomy,NATIVE,Central and western North America,SOURCE_FOUND,
species:red-fox,Red fox,Renard roux,Vulpes vulpes,Vulpes,vulpes,Canidae,Carnivora,species_group:furbearers,source:itis-taxonomy,MIXED,Native northern populations and introduced lineages in parts of North America,SOURCE_FOUND,
species:gray-fox,Gray fox,Renard gris,Urocyon cinereoargenteus,Urocyon,cinereoargenteus,Canidae,Carnivora,species_group:furbearers,source:itis-taxonomy,NATIVE,United States and southern Canada,SOURCE_FOUND,
species:beaver,North American beaver,Castor du Canada,Castor canadensis,Castor,canadensis,Castoridae,Rodentia,species_group:furbearers,source:itis-taxonomy,NATIVE,North America,SOURCE_FOUND,Often trapping-only; hunting applicability must be sourced
species:eastern-wolf,Eastern wolf,Loup de l'Est,Canis lycaon,Canis,lycaon,Canidae,Carnivora,species_group:predators,source:ca-eccc-eastern-wolf,NATIVE,Great Lakes and St. Lawrence forest region of Canada,SOURCE_FOUND,Taxonomic treatment remains contested; COSEWIC reports Canis sp. cf. lycaon and the production profile must preserve that uncertainty
species:arctic-fox,Arctic fox,Renard arctique,Vulpes lagopus,Vulpes,lagopus,Canidae,Carnivora,species_group:furbearers,source:quebec-arctic-fox,NATIVE,Arctic tundra and northern coastal regions of North America,SOURCE_FOUND,
species:canada-lynx,Canada lynx,Lynx du Canada,Lynx canadensis,Lynx,canadensis,Felidae,Carnivora,species_group:furbearers,source:quebec-canada-lynx,NATIVE,Boreal forest across Canada and Alaska with range into the northern contiguous United States,SOURCE_FOUND,
species:new-england-cottontail,New England cottontail,Lapin de Nouvelle-Angleterre,Sylvilagus transitionalis,Sylvilagus,transitionalis,Leporidae,Lagomorpha,species_group:hares-rabbits,source:usfws-new-england-cottontail,NATIVE,New England and a small part of eastern New York,SOURCE_FOUND,Included for eastern North American identification; not established as a Canadian game species
species:striped-skunk,Striped skunk,Moufette rayée,Mephitis mephitis,Mephitis,mephitis,Mephitidae,Carnivora,species_group:furbearers,source:quebec-striped-skunk,NATIVE,Most of southern Canada and the contiguous United States,SOURCE_FOUND,Hunting and trapping classifications vary
species:wolverine,Wolverine,Carcajou,Gulo gulo,Gulo,gulo,Mustelidae,Carnivora,species_group:furbearers,source:quebec-wolverine,NATIVE,Northern and western boreal and tundra regions of North America,SOURCE_FOUND,Conservation status and legal treatment vary sharply by jurisdiction
species:muskrat,Muskrat,Rat musqué,Ondatra zibethicus,Ondatra,zibethicus,Cricetidae,Rodentia,species_group:furbearers,source:itis-taxonomy,NATIVE,North America,SOURCE_FOUND,Often trapping-only; hunting applicability must be sourced
species:american-mink,American mink,Vison d'Amérique,Neogale vison,Neogale,vison,Mustelidae,Carnivora,species_group:furbearers,source:itis-taxonomy,NATIVE,North America,SOURCE_FOUND,Historic scientific name Neovison vison
species:fisher,Fisher,Pékan,Pekania pennanti,Pekania,pennanti,Mustelidae,Carnivora,species_group:furbearers,source:itis-taxonomy,NATIVE,Northern North America,SOURCE_FOUND,Mostly trapped; hunting applicability varies
species:american-marten,American marten,Martre d'Amérique,Martes americana,Martes,americana,Mustelidae,Carnivora,species_group:furbearers,source:itis-taxonomy,NATIVE,Northern North America,SOURCE_FOUND,Mostly trapped; hunting applicability varies
species:north-american-river-otter,North American river otter,Loutre de rivière,Lontra canadensis,Lontra,canadensis,Mustelidae,Carnivora,species_group:furbearers,source:itis-taxonomy,NATIVE,North America,SOURCE_FOUND,Mostly trapped; hunting applicability varies
species:nutria,Nutria,Ragondin,Myocastor coypus,Myocastor,coypus,Echimyidae,Rodentia,species_group:furbearers,source:itis-taxonomy,INTRODUCED,Localized invasive populations in North America,SOURCE_FOUND,Control classification differs from game hunting
species:north-american-porcupine,North American porcupine,Porc-épic d'Amérique,Erethizon dorsatum,Erethizon,dorsatum,Erethizontidae,Rodentia,species_group:small-game,source:itis-taxonomy,NATIVE,"Central Alaska east to southern Hudson Bay and Labrador; south to the northeastern US in the east and to central Texas, northern Mexico and southern California in the west.",SOURCE_FOUND,
species:american-ermine,American ermine,Hermine,Mustela richardsonii,Mustela,richardsonii,Mustelidae,Carnivora,species_group:furbearers,source:itis-taxonomy,NATIVE,"Across Canada and south through most of the northern US to central California, northern Arizona, northern New Mexico, Iowa, the Great Lakes region, Pennsylvania and northern Virginia. Most of Alaska now refers to M. erminea.",SOURCE_FOUND,Split from Mustela erminea (2021); most of Canada and the contiguous US
species:ermine,Ermine,,Mustela erminea,Mustela,erminea,Mustelidae,Carnivora,species_group:furbearers,source:itis-taxonomy,NATIVE,"Much of Eurasia; in North America, Alaska and western Yukon to most of Arctic Canada and east to Greenland per NatureServe. The widespread North American animal is now M. richardsonii.",SOURCE_FOUND,"After the 2021 split, the Beringian species: Alaska, Yukon and the northwest"
species:long-tailed-weasel,Long-tailed weasel,Belette à longue queue,Neogale frenata,Neogale,frenata,Mustelidae,Carnivora,species_group:furbearers,source:itis-taxonomy,NATIVE,"Southern Canada, nearly all of the contiguous US (excluding the southwestern deserts), south to Venezuela and Bolivia.",SOURCE_FOUND,
species:least-weasel,Least weasel,Belette pygmée,Mustela nivalis,Mustela,nivalis,Mustelidae,Carnivora,species_group:furbearers,source:itis-taxonomy,NATIVE,"Circumboreal. Most of Canada and Alaska, south to British Columbia, Montana, Wyoming, Oklahoma, Missouri, Ohio, Virginia and along the Appalachians; range has expanded south in the Great Plains since the mid-1960s.",SOURCE_FOUND,
species:western-spotted-skunk,Western spotted skunk,,Spilogale gracilis,Spilogale,gracilis,Mephitidae,Carnivora,species_group:furbearers,source:itis-taxonomy,NATIVE,"Much of the western United States, including the Channel Islands of California, and the Baja Peninsula.",SOURCE_FOUND,
species:eastern-spotted-skunk,Eastern spotted skunk,,Spilogale putorius,Spilogale,putorius,Mephitidae,Carnivora,species_group:furbearers,source:itis-taxonomy,NATIVE,"NatureServe places S. putorius east of the Mississippi River, from the Florida peninsula north to at least Pennsylvania.",SOURCE_FOUND,Named only inside generic skunk classes
species:hog-nosed-skunk,American hog-nosed skunk,,Conepatus leuconotus,Conepatus,leuconotus,Mephitidae,Carnivora,species_group:furbearers,source:itis-taxonomy,NATIVE,"Southwestern US south to northern Nicaragua. In the US: southeastern Colorado, extreme northwestern Oklahoma, Arizona, New Mexico and western Texas.",SOURCE_FOUND,"Texas says only ""skunk"""
species:ringtail,Ringtail,,Bassariscus astutus,Bassariscus,astutus,Procyonidae,Carnivora,species_group:furbearers,source:itis-taxonomy,NATIVE,"Western North America north to southern Oregon, northern Nevada, northern Utah, southern Wyoming and Colorado, south through California, Arizona, New Mexico and Texas into Mexico; old records from Kansas.",SOURCE_FOUND,
species:swift-fox,Swift fox,Renard véloce,Vulpes velox,Vulpes,velox,Canidae,Carnivora,species_group:furbearers,source:itis-taxonomy,NATIVE,"Historically the central plains from southern Alberta and Saskatchewan to northern Texas, including southern Manitoba; present range is much restricted, nearly continuous from Wyoming south through eastern Colorado, western Kansas, the Oklahoma Panhandle and eastern New Mexico.",SOURCE_FOUND,
species:kit-fox,Kit fox,,Vulpes macrotis,Vulpes,macrotis,Canidae,Carnivora,species_group:furbearers,source:itis-taxonomy,NATIVE,"Southeastern Oregon, Nevada, Utah, western Colorado, southern California, Arizona, New Mexico and western Texas, south to central Mexico.",SOURCE_FOUND,
species:pacific-marten,Pacific marten,,Martes caurina,Martes,caurina,Mustelidae,Carnivora,species_group:furbearers,source:itis-taxonomy,NATIVE,"Much of the western US and part of southwestern Canada, including California, Nevada, Oregon, Washington, Utah, Colorado, New Mexico, Idaho, Montana, South Dakota, Alaska (Kuiu and Admiralty islands) and British Columbia.",SOURCE_FOUND,
species:white-nosed-coati,White-nosed coati,,Nasua narica,Nasua,narica,Procyonidae,Carnivora,species_group:furbearers,source:itis-taxonomy,NATIVE,"Central Arizona, southwestern New Mexico and southern Texas south through Mexico and Central America; occurrences farther north in Arizona/New Mexico likely wanderers or released captives. Texas status uncertain.",SOURCE_FOUND,Arizona source bot-blocked
species:black-tailed-prairie-dog,Black-tailed prairie dog,Chien de prairie à queue noire,Cynomys ludovicianus,Cynomys,ludovicianus,Sciuridae,Rodentia,species_group:squirrels,source:itis-taxonomy,NATIVE,"In Canada, limited to the Frenchman River Valley in southeastern Saskatchewan. In the US from eastern and central Montana and western North Dakota south to Texas and eastern New Mexico; extirpated from Arizona by the 1960s and since reintroduced.",SOURCE_FOUND,
species:white-tailed-prairie-dog,White-tailed prairie dog,,Cynomys leucurus,Cynomys,leucurus,Sciuridae,Rodentia,species_group:squirrels,source:itis-taxonomy,NATIVE,From the Bighorn Basin in southern Montana across central and southwestern Wyoming into western and north-central Colorado and eastern Utah.,SOURCE_FOUND,
species:gunnisons-prairie-dog,Gunnison's prairie dog,,Cynomys gunnisoni,Cynomys,gunnisoni,Sciuridae,Rodentia,species_group:squirrels,source:itis-taxonomy,NATIVE,"Central Colorado to central Arizona, including part of southeastern Utah and much of northwestern New Mexico.",SOURCE_FOUND,
species:richardsons-ground-squirrel,Richardson's ground squirrel,Spermophile de Richardson,Urocitellus richardsonii,Urocitellus,richardsonii,Sciuridae,Rodentia,species_group:squirrels,source:itis-taxonomy,NATIVE,"Northern Great Plains: southern Alberta, Saskatchewan and Manitoba, Montana, North Dakota, northeastern South Dakota, western Minnesota and northwestern Iowa.",SOURCE_FOUND,
species:columbian-ground-squirrel,Columbian ground squirrel,Spermophile du Columbia,Urocitellus columbianus,Urocitellus,columbianus,Sciuridae,Rodentia,species_group:squirrels,source:itis-taxonomy,NATIVE,"Central Rocky Mountains from southeastern British Columbia and southwestern Alberta south through northern and eastern Washington, northeastern Oregon, northern and central Idaho and western Montana; mainly 700-8,000 ft.",SOURCE_FOUND,
species:wyoming-ground-squirrel,Wyoming ground squirrel,,Urocitellus elegans,Urocitellus,elegans,Sciuridae,Rodentia,species_group:squirrels,source:itis-taxonomy,NATIVE,"Interior western US in three isolated areas: southeastern Oregon (formerly), southwestern Idaho and north-central Nevada; northeastern Idaho and southwestern Montana; northeastern Utah, southern Wyoming, northern Colorado and extreme western Nebraska.",SOURCE_FOUND,
species:uinta-ground-squirrel,Uinta ground squirrel,,Urocitellus armatus,Urocitellus,armatus,Sciuridae,Rodentia,species_group:squirrels,source:itis-taxonomy,NATIVE,"Southern Montana, southeastern Idaho, western Wyoming and north-central Utah.",SOURCE_FOUND,
species:beldings-ground-squirrel,Belding's ground squirrel,,Urocitellus beldingi,Urocitellus,beldingi,Sciuridae,Rodentia,species_group:squirrels,source:itis-taxonomy,NATIVE,"Western US: eastern Oregon to southeastern Idaho, northeastern California, northern Nevada and northwestern Utah (NatureServe adds southwestern Idaho, extreme southeastern Utah).",SOURCE_FOUND,
species:arctic-ground-squirrel,Arctic ground squirrel,Spermophile arctique,Urocitellus parryii,Urocitellus,parryii,Sciuridae,Rodentia,species_group:squirrels,source:itis-taxonomy,NATIVE,"Alaska, Yukon, mainland Northwest Territories and northern British Columbia; ADW gives the west coast of Hudson Bay to western Alaska.",SOURCE_FOUND,
species:thirteen-lined-ground-squirrel,Thirteen-lined ground squirrel,Spermophile rayé,Ictidomys tridecemlineatus,Ictidomys,tridecemlineatus,Sciuridae,Rodentia,species_group:squirrels,source:itis-taxonomy,NATIVE,"South-central Canada to Texas, and from Montana, Wyoming, Utah and eastern Arizona to Michigan, Ohio, Missouri and Oklahoma.",SOURCE_FOUND,
species:rock-squirrel,Rock squirrel,,Otospermophilus variegatus,Otospermophilus,variegatus,Sciuridae,Rodentia,species_group:squirrels,source:itis-taxonomy,NATIVE,"Southeastern Nevada, Utah, Colorado and extreme western Oklahoma south through the southwestern US into Mexico; sea level to 2,900 m.",SOURCE_FOUND,
species:yellow-bellied-marmot,Yellow-bellied marmot,Marmotte à ventre jaune,Marmota flaviventris,Marmota,flaviventris,Sciuridae,Rodentia,species_group:small-game,source:itis-taxonomy,NATIVE,"South-central British Columbia and southern Alberta south to southern California, Nevada, southern Utah and northern New Mexico, typically above 2,000 m.",SOURCE_FOUND,
species:hoary-marmot,Hoary marmot,Marmotte des Rocheuses,Marmota caligata,Marmota,caligata,Sciuridae,Rodentia,species_group:small-game,source:itis-taxonomy,NATIVE,"Alaska to Yukon and Northwest Territories, south to northeastern Washington, central Idaho and western Montana.",SOURCE_FOUND,
species:western-gray-squirrel,Western gray squirrel,,Sciurus griseus,Sciurus,griseus,Sciuridae,Rodentia,species_group:squirrels,source:itis-taxonomy,NATIVE,"Lake Chelan and Tacoma, Washington south through Oregon, western Nevada, and the Sierra Nevada and coast ranges of California to Baja California.",SOURCE_FOUND,
species:arizona-gray-squirrel,Arizona gray squirrel,,Sciurus arizonensis,Sciurus,arizonensis,Sciuridae,Rodentia,species_group:squirrels,source:itis-taxonomy,NATIVE,"Central and southeastern Arizona, west-central New Mexico and northeastern Sonora, Mexico.",SOURCE_FOUND,
species:douglas-squirrel,Douglas squirrel,Écureuil de Douglas,Tamiasciurus douglasii,Tamiasciurus,douglasii,Sciuridae,Rodentia,species_group:squirrels,source:itis-taxonomy,NATIVE,"Southwestern British Columbia south through the coast ranges, Cascades and Sierra Nevada to southern California and northern Baja California.",SOURCE_FOUND,
species:northern-flying-squirrel,Northern flying squirrel,,Glaucomys sabrinus,Glaucomys,sabrinus,Sciuridae,Rodentia,species_group:squirrels,source:itis-taxonomy,NATIVE,"Alaska and Canada south to northern California, Colorado, Michigan, Wisconsin, North Carolina and Tennessee, with isolated high-elevation populations.",SOURCE_FOUND,
species:southern-flying-squirrel,Southern flying squirrel,,Glaucomys volans,Glaucomys,volans,Sciuridae,Rodentia,species_group:squirrels,source:itis-taxonomy,NATIVE,Eastern North America from Quebec south through the eastern United States (source gives Quebec to Honduras overall).,SOURCE_FOUND,
species:alaska-hare,Alaska hare,,Lepus othus,Lepus,othus,Leporidae,Lagomorpha,species_group:hares-rabbits,source:itis-taxonomy,NATIVE,Northern and western Alaska (also eastern Siberia).,SOURCE_FOUND,
species:european-hare,European hare,,Lepus europaeus,Lepus,europaeus,Leporidae,Lagomorpha,species_group:hares-rabbits,source:itis-taxonomy,INTRODUCED,"Native to Europe and western/central Asia. Introduced to North America (southern Ontario, Great Lakes, northeastern US, from 1893-1912).",SOURCE_FOUND,
species:european-rabbit,European rabbit,,Oryctolagus cuniculus,Oryctolagus,cuniculus,Leporidae,Lagomorpha,species_group:hares-rabbits,source:itis-taxonomy,INTRODUCED,"Native to the Iberian Peninsula and Mediterranean; introduced worldwide, including established populations in North America.",SOURCE_FOUND,
species:marsh-rabbit,Marsh rabbit,,Sylvilagus palustris,Sylvilagus,palustris,Leporidae,Lagomorpha,species_group:hares-rabbits,source:itis-taxonomy,NATIVE,"Southeastern US: southeast Virginia, southern Georgia, eastern Alabama, Florida peninsula and coastal islands; largest population in the Great Dismal Swamp.",SOURCE_FOUND,Florida's rabbit season does not name species; Lower Keys subspecies federally endangered
species:pygmy-rabbit,Pygmy rabbit,,Brachylagus idahoensis,Brachylagus,idahoensis,Leporidae,Lagomorpha,species_group:hares-rabbits,source:itis-taxonomy,NATIVE,"Great Basin and intermountain West: southwestern Montana through southern Idaho, Oregon, northern Utah, Nevada, eastern California, with isolated populations in Washington and Wyoming.",SOURCE_FOUND,Closed where audited
species:collared-pika,Collared pika,,Ochotona collaris,Ochotona,collaris,Ochotonidae,Lagomorpha,species_group:small-game,source:itis-taxonomy,NATIVE,"Central and southeastern Alaska, Yukon-Tanana uplands, Richardson Mountains (Yukon/NWT) and northwestern British Columbia.",SOURCE_FOUND,
species:nine-banded-armadillo,Nine-banded armadillo,,Dasypus novemcinctus,Dasypus,novemcinctus,Dasypodidae,Cingulata,species_group:small-game,source:itis-taxonomy,NATIVE,"South and Central America into the southern US, expanding north since the 1800s to Missouri and Illinois.",SOURCE_FOUND,
species:blackbuck,Blackbuck,,Antilope cervicapra,Antilope,cervicapra,Bovidae,Artiodactyla,species_group:exotic-big-game,source:itis-taxonomy,INTRODUCED,Native to India and Pakistan. The ADW page does not describe North American introduced populations.,SOURCE_FOUND,
species:red-deer,Red deer,,Cervus elaphus,Cervus,elaphus,Cervidae,Artiodactyla,species_group:exotic-big-game,source:itis-taxonomy,INTRODUCED,"Formerly across the Northern Hemisphere; in North America now largely western. Introduced to Ireland, Argentina, Chile, Australia and New Zealand.",SOURCE_FOUND,"Distinct from elk, Cervus canadensis"
species:gemsbok,Gemsbok,,Oryx gazella,Oryx,gazella,Bovidae,Artiodactyla,species_group:exotic-big-game,source:itis-taxonomy,INTRODUCED,Native to southern Africa; successfully introduced to the southwestern US and Mexico.,SOURCE_FOUND,
species:persian-ibex,Persian ibex,,Capra aegagrus,Capra,aegagrus,Bovidae,Artiodactyla,species_group:exotic-big-game,source:itis-taxonomy,INTRODUCED,"Native from Turkey and the Caucasus east to Iran, Turkmenistan, Afghanistan and Pakistan. In North America, introduced to the Florida Mountains near Deming, New Mexico in 1970.",SOURCE_FOUND,
species:feral-goat,Feral goat,,Capra hircus,Capra,hircus,Bovidae,Artiodactyla,species_group:exotic-big-game,source:itis-taxonomy,INTRODUCED,"Feral populations occur on islands worldwide, including Hawaii and California's San Clemente Island; NatureServe records the species (Capra hircus) as present in Hawaii, New Mexico and California.",SOURCE_FOUND,
species:mouflon,Mouflon,,Ovis musimon,Ovis,musimon,Bovidae,Artiodactyla,species_group:wild-sheep,source:itis-taxonomy,INTRODUCED,European mouflon originate from Corsica and Sardinia. In North America DLNR lists mouflon sheep and mouflon-feral hybrid sheep on Hawaii Island and mouflon on Lanai; Wikipedia says it is kept on game ranches in Texas and has been introduced to Hawaii.,SOURCE_FOUND,The European mouflon; authorities differ on whether it is a wild species or feral domestic sheep (Ovis aries musimon)
species:feral-sheep,Feral sheep,,Ovis aries,Ovis,aries,Bovidae,Artiodactyla,species_group:wild-sheep,source:itis-taxonomy,INTRODUCED,Domestic sheep are established worldwide as introduced animals. DLNR lists feral sheep and mouflon-feral hybrid sheep on Hawaii Island (Mauna Kea); NatureServe records Ovis aries in Wyoming and Hawaii.,SOURCE_FOUND,
species:feral-ferret,Feral ferret,,Mustela furo,Mustela,furo,Mustelidae,Carnivora,species_group:furbearers,source:itis-taxonomy,INTRODUCED,"Domestic worldwide. The sources read document feral populations mainly outside North America (New Zealand, islands); CDFW discusses escapes and case studies in the US but does not describe an established North American feral population.",SOURCE_FOUND,
species:alaska-marmot,Alaska marmot,,Marmota broweri,Marmota,broweri,Sciuridae,Rodentia,species_group:small-game,source:itis-taxonomy,NATIVE,"Brooks Range of northern Alaska, perhaps also northern Yukon (unconfirmed).",SOURCE_FOUND,
species:mountain-beaver,Mountain beaver,Castor de montagne,Aplodontia rufa,Aplodontia,rufa,Aplodontiidae,Rodentia,species_group:small-game,source:itis-taxonomy,NATIVE,"Southwestern British Columbia south along the Cascade, Olympic, Coast and Siskiyou ranges to central California and the Sierra Nevada.",SOURCE_FOUND,
species:california-ground-squirrel,California ground squirrel,,Otospermophilus beecheyi,Otospermophilus,beecheyi,Sciuridae,Rodentia,species_group:squirrels,source:itis-taxonomy,NATIVE,North-central California and west-central Nevada south to Baja California.,SOURCE_FOUND,
species:sambar,Sambar,,Rusa unicolor,Rusa,unicolor,Cervidae,Artiodactyla,species_group:exotic-big-game,source:itis-taxonomy,INTRODUCED,"Native from India to southeastern China and the Malay Peninsula. Introduced and established in California, Texas and Florida (and Australia and New Zealand). Not native to Canada.",SOURCE_FOUND,
species:himalayan-tahr,Himalayan tahr,,Hemitragus jemlahicus,Hemitragus,jemlahicus,Bovidae,Artiodactyla,species_group:exotic-big-game,source:itis-taxonomy,INTRODUCED,"Native to the Himalaya from Kashmir through northern India to Nepal and Sikkim, and southern Tibet. Introduced in New Zealand, California and South Africa (NatureServe); Animal Diversity Web also lists New Mexico and Ontario.",SOURCE_FOUND,undefined
species:himalayan-snowcock,Himalayan snowcock,,Tetraogallus himalayensis,Tetraogallus,himalayensis,Phasianidae,Galliformes,species_group:upland-game-birds,source:itis-taxonomy,INTRODUCED,"In the US, NatureServe records the species in Nevada (introduced); Audubon calls its U.S. range limited.",SOURCE_FOUND,
species:plain-chachalaca,Plain chachalaca,,Ortalis vetula,Ortalis,vetula,Cracidae,Galliformes,species_group:upland-game-birds,source:itis-taxonomy,NATIVE,Extreme southern Texas (Rio Grande Valley) south through Mexico and Central America; NatureServe also records it in Georgia.,SOURCE_FOUND,
species:kalij-pheasant,Kalij pheasant,,Lophura leucomelanos,Lophura,leucomelanos,Phasianidae,Galliformes,species_group:upland-game-birds,source:itis-taxonomy,INTRODUCED,Native to southern Asia; first brought to Hawaii in 1962 as a gamebird. NatureServe records it in Hawaii.,SOURCE_FOUND,
species:green-pheasant,Green pheasant,,Phasianus versicolor,Phasianus,versicolor,Phasianidae,Galliformes,species_group:upland-game-birds,source:itis-taxonomy,INTRODUCED,"Native to Honshu, Shikoku, Kyushu and smaller Japanese islands; introduced populations in Hawaii are reported stable; introduction to mainland North America was unsuccessful, and it has been crossed with common pheasants on some North American game farms.",SOURCE_FOUND,Treated as a species by Hawaii's rules and most checklists; some authorities fold it into the common pheasant
species:japanese-quail,Japanese quail,,Coturnix japonica,Coturnix,japonica,Phasianidae,Galliformes,species_group:quail,source:itis-taxonomy,INTRODUCED,Native to East Asia; domesticated since about the 13th century. NatureServe records it in Hawaii; Hawaii DLNR lists it among Hawaii's game birds.,SOURCE_FOUND,
species:gray-francolin,Gray francolin,,Ortygornis pondicerianus,Ortygornis,pondicerianus,Phasianidae,Galliformes,species_group:upland-game-birds,source:itis-taxonomy,INTRODUCED,Native to India; introduced to Hawaii. NatureServe records it in Hawaii.,SOURCE_FOUND,
species:black-francolin,Black francolin,,Francolinus francolinus,Francolinus,francolinus,Phasianidae,Galliformes,species_group:upland-game-birds,source:itis-taxonomy,INTRODUCED,Native to India; introduced to Hawaii in 1959. NatureServe records it in Florida.,SOURCE_FOUND,
species:erckels-spurfowl,Erckel's spurfowl,,Pternistis erckelii,Pternistis,erckelii,Phasianidae,Galliformes,species_group:upland-game-birds,source:itis-taxonomy,INTRODUCED,Native to Ethiopia and Sudan; introduced to Hawaii in 1957. NatureServe records it in Hawaii.,SOURCE_FOUND,Hawaii rules call it Erckel's francolin
species:chestnut-bellied-sandgrouse,Chestnut-bellied sandgrouse,,Pterocles exustus,Pterocles,exustus,Pteroclididae,Charadriiformes,species_group:upland-game-birds,source:itis-taxonomy,INTRODUCED,Introduced to Hawaii Island by the Nevada game department as a trial for possible import to Nevada. NatureServe records it in Hawaii.,SOURCE_FOUND,
species:helmeted-guineafowl,Helmeted guineafowl,,Numida meleagris,Numida,meleagris,Numididae,Galliformes,species_group:upland-game-birds,source:itis-taxonomy,INTRODUCED,"Native across most of sub-Saharan Africa. In Hawaii, domestic-type birds have been released and live in open urban fields near ponds and wetlands.",SOURCE_FOUND,
species:rock-partridge,Rock partridge,,Alectoris graeca,Alectoris,graeca,Phasianidae,Galliformes,species_group:upland-game-birds,source:itis-taxonomy,INTRODUCED,"Native to southern Europe. The Wikipedia page says the name 'rock partridge' has been used in the US for several Alectoris species and hybrids, so North American records may not be this species.",SOURCE_FOUND,
species:red-legged-partridge,Red-legged partridge,,Alectoris rufa,Alectoris,rufa,Phasianidae,Galliformes,species_group:upland-game-birds,source:itis-taxonomy,INTRODUCED,"Native to France, Iberia and northwest Italy; naturalised in England and Wales. The page read does not describe North American populations.",SOURCE_FOUND,
species:spotted-dove,Spotted dove,,Spilopelia chinensis,Spilopelia,chinensis,Columbidae,Columbiformes,species_group:doves-pigeons,source:itis-taxonomy,INTRODUCED,"Native to Asia; introduced from Asia to Hawaii in the 1800s and to California. NatureServe records it in California, Utah and Hawaii.",SOURCE_FOUND,
species:zebra-dove,Zebra dove,Géopélie zébrée,Geopelia striata,Geopelia,striata,Columbidae,Columbiformes,species_group:doves-pigeons,source:itis-taxonomy,INTRODUCED,"Native from southern Thailand and the Malay Peninsula to Sumatra and Java. Introduced to Hawaii in 1922 and now on all main islands, where it is one of the most abundant birds; established on other Pacific and Indian Ocean islands. Not established on the North American mainland in these sources.",SOURCE_FOUND,Hawaii rules call it barred dove
species:white-tipped-dove,White-tipped dove,Colombe de Verreaux,Leptotila verreauxi,Leptotila,verreauxi,Columbidae,Columbiformes,species_group:doves-pigeons,source:itis-taxonomy,NATIVE,"Permanent resident from northern Mexico and southern Texas (lower Rio Grande Valley) south to southern Brazil, Uruguay and eastern Argentina.",SOURCE_FOUND,
species:rock-pigeon,Rock pigeon,Pigeon biset,Columba livia,Columba,livia,Columbidae,Columbiformes,species_group:doves-pigeons,source:itis-taxonomy,INTRODUCED,"Native to Eurasia; introduced and established throughout most of the world, including across North America.",SOURCE_FOUND,
species:mottled-duck,Mottled duck,Canard brun,Anas fulvigula,Anas,fulvigula,Anatidae,Anseriformes,species_group:ducks,source:itis-taxonomy,NATIVE,"Two natural resident ranges: the western Gulf Coast from Alabama west to Texas and south to Tamaulipas, and the Florida peninsula. Populations introduced from the 1970s exist in eastern Georgia and eastern South Carolina.",SOURCE_FOUND,
species:mexican-duck,Mexican duck,,Anas diazi,Anas,diazi,Anatidae,Anseriformes,species_group:ducks,source:itis-taxonomy,NATIVE,"Breeds from southeastern Arizona, southern New Mexico and west-central Texas south into the Mexican highlands. Non-breeding birds occur casually north through much of Colorado and Utah; accidental in California, Wyoming and Nebraska.",SOURCE_FOUND,Split from mallard by the AOS in 2020
species:black-bellied-whistling-duck,Black-bellied whistling-duck,Dendrocygne à ventre noir,Dendrocygna autumnalis,Dendrocygna,autumnalis,Anatidae,Anseriformes,species_group:ducks,source:itis-taxonomy,NATIVE,Resident from southern Arizona and southeastern Texas south through Middle and South America; possibly expanding into eastern Texas and southwestern Louisiana; small flocks may wander well north of the normal range.,SOURCE_FOUND,
species:fulvous-whistling-duck,Fulvous whistling-duck,Dendrocygne fauve,Dendrocygna bicolor,Dendrocygna,bicolor,Anatidae,Anseriformes,species_group:ducks,source:itis-taxonomy,NATIVE,"Breeds in southern California, southwestern Arizona, central and eastern Texas, Gulf Coast Louisiana and locally southern Florida, south to central Mexico; also breeds in Hawaii (Oahu) and in South America, Africa and India. Spread east along the Gulf Coast from about 1950.",SOURCE_FOUND,
species:muscovy-duck,Muscovy duck,Canard musqué,Cairina moschata,Cairina,moschata,Anatidae,Anseriformes,species_group:ducks,source:itis-taxonomy,NATIVE,"Wild birds are native from northeastern Mexico south to South America, with small numbers on the Rio Grande in southern Texas. Most Muscovies in North America are barnyard-type birds, and U.S. records probably pertain to escapes or unsuccessful introductions (NatureServe).",SOURCE_FOUND,Native in south Texas; feral elsewhere
species:eurasian-wigeon,Eurasian wigeon,Canard siffleur,Mareca penelope,Mareca,penelope,Anatidae,Anseriformes,species_group:ducks,source:itis-taxonomy,NATIVE,Breeds in Eurasia. In North America winters on the Pacific coast from southeastern Alaska to northern Baja California and on the Atlantic-Gulf coast from Labrador and Newfoundland to Florida and southern Texas.,SOURCE_FOUND,Regular visitor; taken under general duck bags
species:egyptian-goose,Egyptian goose,,Alopochen aegyptiaca,Alopochen,aegyptiaca,Anatidae,Anseriformes,species_group:geese,source:itis-taxonomy,INTRODUCED,"Native to sub-Saharan Africa and the Nile Valley. Escaped birds have established wild populations in Florida (largest), Texas and California, mostly in urban and suburban areas.",SOURCE_FOUND,
species:emperor-goose,Emperor goose,Oie empereur,Anser canagicus,Anser,canagicus,Anatidae,Anseriformes,species_group:geese,source:itis-taxonomy,NATIVE,"More than 90 percent of the breeding population nests in the eastern Bering Sea region of western Alaska (Kuskokwim Bay to Kotzebue Sound), with small numbers in eastern Asia. Most winter in the Aleutian Islands; autumn strays reach Oregon and California.",SOURCE_FOUND,
species:clapper-rail,Clapper rail,Râle gris,Rallus crepitans,Rallus,crepitans,Rallidae,Gruiformes,species_group:rails-coots,source:itis-taxonomy,NATIVE,"Coasts of the western Atlantic, Gulf of Mexico and Caribbean: Massachusetts south through Florida along the Atlantic, and Florida west to Tamaulipas along the Gulf.",SOURCE_FOUND,
species:double-crested-cormorant,Double-crested cormorant,Cormoran à aigrettes,Nannopterum auritum,Nannopterum,auritum,Phalacrocoracidae,Suliformes,species_group:cormorants,source:itis-taxonomy,NATIVE,"Breeds from southeastern Bering Sea and southern Alaska and from southern British Columbia east through Manitoba to coastal Quebec and Newfoundland, south to Baja California, the Gulf Coast, Florida and Belize; breeding range has expanded.",SOURCE_FOUND,
species:great-cormorant,Great cormorant,Grand Cormoran,Phalacrocorax carbo,Phalacrocorax,carbo,Phalacrocoracidae,Suliformes,species_group:cormorants,source:itis-taxonomy,NATIVE,"In North America breeds along the Atlantic coast from the Gulf of St. Lawrence and southwestern Newfoundland to Nova Scotia (recolonized Maine); winters from the breeding range south to North Carolina, sometimes farther. Also Iceland, southwestern Greenland and much of the Old World.",SOURCE_FOUND,
species:thick-billed-murre,Thick-billed murre,Guillemot de Brünnich,Uria lomvia,Uria,lomvia,Alcidae,Charadriiformes,species_group:murres,source:itis-taxonomy,NATIVE,"Breeds on islands and coasts in the Arctic of North America and Eurasia, south to the Aleutians and Kodiak, Hudson Bay and the Gulf of St. Lawrence. Newfoundland waters are the most important western Atlantic wintering area; regular in winter off New England.",SOURCE_FOUND,
species:common-murre,Common murre,Guillemot marmette,Uria aalge,Uria,aalge,Alcidae,Charadriiformes,species_group:murres,source:itis-taxonomy,NATIVE,Breeds along North Pacific coasts from the Bering Strait south to central California and the North Atlantic from western Greenland and Iceland south to Newfoundland; some birds reach New England waters and southern California in winter.,SOURCE_FOUND,
species:common-raven,Common raven,Grand corbeau,Corvus corax,Corvus,corax,Corvidae,Passeriformes,species_group:crows,source:itis-taxonomy,NATIVE,"Resident from northernmost North America south to southern Baja California, Nicaragua and Texas, and east of the Rockies to southern Saskatchewan, northeastern Minnesota, northern Michigan and southern New England; also Greenland, Iceland and the Old World.",SOURCE_FOUND,
species:black-billed-magpie,Black-billed magpie,Pie d'Amérique,Pica hudsonia,Pica,hudsonia,Corvidae,Passeriformes,species_group:crows,source:itis-taxonomy,NATIVE,"Resident from south-coastal and southern Alaska through western Canada to eastern California, southern Nevada and Utah, northern New Mexico and western Kansas and Oklahoma.",SOURCE_FOUND,
species:european-starling,European starling,Étourneau sansonnet,Sturnus vulgaris,Sturnus,vulgaris,Sturnidae,Passeriformes,species_group:unprotected-birds,source:itis-taxonomy,INTRODUCED,Native to Eurasia; introduced in New York City in 1890. Now breeds from southeastern Alaska across southern Canada and south through most of the U.S. to southern Mexico.,SOURCE_FOUND,
species:house-sparrow,House sparrow,Moineau domestique,Passer domesticus,Passer,domesticus,Passeridae,Passeriformes,species_group:unprotected-birds,source:itis-taxonomy,INTRODUCED,Native to the Old World; introduced and established from the north coast of British Columbia and southern Yukon to Newfoundland and south beyond North America.,SOURCE_FOUND,
species:red-winged-blackbird,Red-winged blackbird,Carouge à épaulettes,Agelaius phoeniceus,Agelaius,phoeniceus,Icteridae,Passeriformes,species_group:unprotected-birds,source:itis-taxonomy,NATIVE,"Breeds from southern Yukon across Canada to Nova Scotia and south through the U.S. and Central America to Costa Rica; winters over much of the U.S., especially the south.",SOURCE_FOUND,
species:yellow-headed-blackbird,Yellow-headed blackbird,Carouge à tête jaune,Xanthocephalus xanthocephalus,Xanthocephalus,xanthocephalus,Icteridae,Passeriformes,species_group:unprotected-birds,source:itis-taxonomy,NATIVE,"Breeds from central-interior British Columbia east to extreme western Ontario and northwestern Ohio, south to southern California, New Mexico and northern Texas; winters from central California, Arizona and Texas south into Mexico.",SOURCE_FOUND,
species:brewers-blackbird,Brewer's blackbird,Quiscale de Brewer,Euphagus cyanocephalus,Euphagus,cyanocephalus,Icteridae,Passeriformes,species_group:unprotected-birds,source:itis-taxonomy,NATIVE,"Breeds from central interior British Columbia to the western Great Lakes, south to northwestern Baja California, Nevada, Texas and northern Iowa; present year-round in parts of the western U.S. and winters east to the southeastern U.S. and Mexico.",SOURCE_FOUND,
species:rusty-blackbird,Rusty blackbird,Quiscale rouilleux,Euphagus carolinus,Euphagus,carolinus,Icteridae,Passeriformes,species_group:unprotected-birds,source:itis-taxonomy,NATIVE,"Breeds from Alaska to Labrador and south to central British Columbia, northern Great Lakes, Vermont, New Hampshire, Maine and Nova Scotia; in the non-breeding season ranges south to Texas, the Gulf Coast and northern Florida, primarily the southeastern U.S. Assessed Special Concern in Canada.",SOURCE_FOUND,A declining species; current federal depredation coverage not verified
species:brown-headed-cowbird,Brown-headed cowbird,Vacher à tête brune,Molothrus ater,Molothrus,ater,Icteridae,Passeriformes,species_group:unprotected-birds,source:itis-taxonomy,NATIVE,"Breeds from southeast Alaska, northern British Columbia and southern Mackenzie to Newfoundland, south to central Mexico, the Gulf Coast and southern Florida; winters from the northern U.S. south.",SOURCE_FOUND,
species:bronzed-cowbird,Bronzed cowbird,Vacher bronzé,Molothrus aeneus,Molothrus,aeneus,Icteridae,Passeriformes,species_group:unprotected-birds,source:itis-taxonomy,NATIVE,"Resident from extreme southeastern California, Arizona, southwestern New Mexico and western and southern Texas south to Panama; northern populations partially migratory.",SOURCE_FOUND,
species:shiny-cowbird,Shiny cowbird,Vacher luisant,Molothrus bonariensis,Molothrus,bonariensis,Icteridae,Passeriformes,species_group:unprotected-birds,source:itis-taxonomy,INTRODUCED,"Resident from eastern Panama south to central Chile and Argentina; expanded through the Caribbean during the 1900s, reaching Puerto Rico in 1955; in North America occurs mostly in southern Florida.",SOURCE_FOUND,
species:common-grackle,Common grackle,Quiscale bronzé,Quiscalus quiscula,Quiscalus,quiscula,Icteridae,Passeriformes,species_group:unprotected-birds,source:itis-taxonomy,NATIVE,"Breeds from northeastern British Columbia and southern Mackenzie to Newfoundland, south to southern Texas, the Gulf Coast and southern Florida, west to Wyoming, Colorado and New Mexico; winters from Kansas, the southern Great Lakes and New England south.",SOURCE_FOUND,
species:great-tailed-grackle,Great-tailed grackle,Quiscale à longue queue,Quiscalus mexicanus,Quiscalus,mexicanus,Icteridae,Passeriformes,species_group:unprotected-birds,source:itis-taxonomy,NATIVE,"Resident from southeastern California and southern Nevada east to southern Nebraska and southwestern Missouri, south into South America; breeding range is expanding, with recent nesting in Oregon and probably Idaho.",SOURCE_FOUND,
species:boat-tailed-grackle,Boat-tailed grackle,Quiscale des marais,Quiscalus major,Quiscalus,major,Icteridae,Passeriformes,species_group:unprotected-birds,source:itis-taxonomy,NATIVE,Coastal eastern US from Long Island and New Jersey south through peninsular Florida and west along the Gulf coast to southeastern Texas; absent from the western Florida Panhandle. Not a Canadian species.,SOURCE_FOUND,
species:stellers-eider,Steller's eider,Eider de Steller,Polysticta stelleri,Polysticta,stelleri,Anatidae,Anseriformes,species_group:sea-ducks,source:itis-taxonomy,NATIVE,Breeds in Arctic Russia and in Alaska (Arctic Coastal Plain and Yukon-Kuskokwim Delta); Alaska and eastern Siberian birds molt and winter mainly along the Alaska Peninsula; some Russian-Atlantic birds winter in Europe.,SOURCE_FOUND,Federally threatened; closed in Alaska
species:spectacled-eider,Spectacled eider,Eider à lunettes,Somateria fischeri,Somateria,fischeri,Anatidae,Anseriformes,species_group:sea-ducks,source:itis-taxonomy,NATIVE,Breeds in Arctic Alaska (Beaufort Sea west to Norton Sound and the Yukon-Kuskokwim Delta) and eastern Russia; non-breeding in the Bering and Chukchi seas.,SOURCE_FOUND,Federally threatened; closed in Alaska
species:snowy-owl,Snowy owl,Harfang des neiges,Bubo scandiacus,Bubo,scandiacus,Strigidae,Strigiformes,species_group:raptors,source:itis-taxonomy,NATIVE,"Breeds on Arctic tundra from Alaska and northern Canada to Labrador; many winter on the northern Great Plains and Prairies, with irregular southward irruptions.",SOURCE_FOUND,Alaska names a resident season; its federal basis is unresolved
species:pelagic-cormorant,Pelagic cormorant,Cormoran pélagique,Urile pelagicus,Urile,pelagicus,Phalacrocoracidae,Suliformes,species_group:cormorants,source:itis-taxonomy,NATIVE,"Pacific coast from the Bering Strait and Alaska south to Baja California, including British Columbia; northernmost breeders move south in winter.",SOURCE_FOUND,Alaska names a season; its federal basis is unresolved
species:indian-peafowl,Indian peafowl,,Pavo cristatus,Pavo,cristatus,Phasianidae,Galliformes,species_group:upland-game-birds,source:itis-taxonomy,INTRODUCED,Native to India and southeastern Asia. Small semi-domesticated populations are introduced and established in scattered North American localities and Hawaii.,SOURCE_FOUND,
species:ringed-turtle-dove,Ringed turtle-dove,,Streptopelia risoria,Streptopelia,risoria,Columbidae,Columbiformes,species_group:doves-pigeons,source:itis-taxonomy,INTRODUCED,"Sporadic introduced colonies near Los Angeles, in southern Florida and in Illinois.",SOURCE_FOUND,Domesticated form of the African collared-dove
species:american-alligator,American alligator,,Alligator mississippiensis,Alligator,mississippiensis,Alligatoridae,Crocodilia,species_group:crocodilians,source:itis-taxonomy,NATIVE,"Coastal North Carolina to the Florida Keys, west to southern Texas, north to southeastern Oklahoma and Arkansas. Not native to Canada.",SOURCE_FOUND,
species:burmese-python,Burmese python,,Python bivittatus,Python,bivittatus,Pythonidae,Squamata,species_group:snakes,source:itis-taxonomy,INTRODUCED,Native to northeastern India east through southern China and Southeast Asia and the Malay Peninsula. Established in the Florida Everglades (first nest found in 2006). Not native to Canada.,SOURCE_FOUND,
species:argentine-black-and-white-tegu,Argentine black and white tegu,,Salvator merianae,Salvator,merianae,Teiidae,Squamata,species_group:lizards,source:itis-taxonomy,INTRODUCED,"Native to Brazil, Paraguay, Bolivia, Uruguay and Argentina. Breeding populations in Florida (Hillsborough, Miami-Dade and Charlotte counties per FWC); NatureServe lists Florida and Georgia as established and possibly South Carolina. Not native to Canada.",SOURCE_FOUND,
species:green-iguana,Green iguana,,Iguana iguana,Iguana,iguana,Iguanidae,Squamata,species_group:lizards,source:itis-taxonomy,INTRODUCED,"Native from Central America through tropical South America and some Caribbean islands. Introduced in southern Florida (mostly the southern half of the peninsula, commonest near the coast), Puerto Rico and Hawaii. Not native to Canada.",SOURCE_FOUND,
species:common-snapping-turtle,Common snapping turtle,Tortue serpentine,Chelydra serpentina,Chelydra,serpentina,Chelydridae,Testudines,species_group:turtles,source:itis-taxonomy,NATIVE,"East of the Rockies from the Canadian border to the Gulf and Atlantic; in Canada mainland Nova Scotia, southern New Brunswick, southern and central Québec and Ontario, southern Manitoba and southeastern Saskatchewan. Introduced in the western US and Canada.",SOURCE_FOUND,
species:spiny-softshell,Spiny softshell,Tortue-molle à épines,Apalone spinifera,Apalone,spinifera,Trionychidae,Testudines,species_group:turtles,source:itis-taxonomy,NATIVE,"Montana to southern Québec, south to northern Mexico and the Florida panhandle, with introductions elsewhere. In Québec it is concentrated around Lake Champlain and its tributaries.",SOURCE_FOUND,
species:red-eared-slider,Red-eared slider,Tortue à oreille rouges,Trachemys scripta,Trachemys,scripta,Emydidae,Testudines,species_group:turtles,source:itis-taxonomy,NATIVE,"Native from Michigan to Argentina, east of New Mexico. Established outside its range in many areas including Florida, New York and New Mexico; Animal Diversity Web also lists Canada.",SOURCE_FOUND,Native in the south-central US; introduced elsewhere
species:timber-rattlesnake,Timber rattlesnake,Crotale des bois,Crotalus horridus,Crotalus,horridus,Viperidae,Squamata,species_group:snakes,source:itis-taxonomy,NATIVE,"Central New England to northern Florida, west to eastern Texas, central Oklahoma, eastern Kansas, southeastern Nebraska, Iowa and southeastern Minnesota; spotty at the western and northern edges. NatureServe ranks it NX (presumed extirpated) in Canada.",SOURCE_FOUND,
species:eastern-copperhead,Eastern copperhead,,Agkistrodon contortrix,Agkistrodon,contortrix,Viperidae,Squamata,species_group:snakes,source:itis-taxonomy,NATIVE,"Southern New England to northern Florida, west through the southern Great Lakes states and southern Iowa to southeastern Nebraska, eastern Kansas, eastern Oklahoma and eastern Texas. Not a Canadian species.",SOURCE_FOUND,
species:prairie-rattlesnake,Prairie rattlesnake,Crotale des prairies,Crotalus viridis,Crotalus,viridis,Viperidae,Squamata,species_group:snakes,source:itis-taxonomy,NATIVE,"Southern Alberta and southern Saskatchewan south to northern Mexico, west to Idaho, Wyoming, Colorado and extreme eastern Arizona, east to the Dakotas, Nebraska, Kansas, Oklahoma and Texas.",SOURCE_FOUND,
species:western-rattlesnake,Western rattlesnake,Crotale de l'Ouest,Crotalus oreganus,Crotalus,oreganus,Viperidae,Squamata,species_group:snakes,source:itis-taxonomy,NATIVE,Southern British Columbia south to central Baja California and east to the Rocky Mountains.,SOURCE_FOUND,
species:american-bullfrog,American bullfrog,Ouaouaron,Lithobates catesbeianus,Lithobates,catesbeianus,Ranidae,Anura,species_group:frogs,source:itis-taxonomy,NATIVE,"Native from Nova Scotia, New Brunswick and southern Québec west to the Great Lakes and south through most of the central and eastern US to northeastern Mexico; widely introduced in the west.",SOURCE_FOUND,Introduced and invasive in the west
species:green-frog,Green frog,Grenouille verte,Lithobates clamitans,Lithobates,clamitans,Ranidae,Anura,species_group:frogs,source:itis-taxonomy,NATIVE,"Eastern United States and adjacent southeastern Canada. Introduced in Newfoundland, British Columbia, Washington and Utah.",SOURCE_FOUND,
species:northern-leopard-frog,Northern leopard frog,Grenouille léopard,Lithobates pipiens,Lithobates,pipiens,Ranidae,Anura,species_group:frogs,source:itis-taxonomy,NATIVE,"Great Slave Lake, Hudson Bay and Labrador south to southern New England, Kentucky, Nebraska, New Mexico and Arizona, west to southeastern British Columbia and eastern Washington/Oregon; spotty and partly introduced in the west.",SOURCE_FOUND,
species:plains-leopard-frog,Plains leopard frog,,Lithobates blairi,Lithobates,blairi,Ranidae,Anura,species_group:frogs,source:itis-taxonomy,NATIVE,"Southern South Dakota to central Texas, west to eastern Colorado and eastern New Mexico, east to Indiana and southeastern Missouri; disjunct in southeastern Arizona. Hybridizes with northern leopard frog in eastern Colorado and Nebraska. Not a Canadian species.",SOURCE_FOUND,
species:golden-mantled-ground-squirrel,Golden-mantled ground squirrel,Spermophile à mante dorée,Callospermophilus lateralis,Callospermophilus,lateralis,Sciuridae,Rodentia,species_group:squirrels,source:itis-taxonomy,NATIVE,"Western North America from eastern British Columbia and western Alberta south through the western United States to California, Arizona and New Mexico, at roughly 1,220-3,965 m.",SOURCE_FOUND,undefined
species:northwestern-salamander,Northwestern salamander,Salamandre foncée,Ambystoma gracile,Ambystoma,gracile,Ambystomatidae,Caudata,species_group:salamanders,source:itis-taxonomy,NATIVE,"Pacific coast from extreme southeastern Alaska through coastal British Columbia, Washington and Oregon to northern California (Mendocino area), from sea level to about 3,110 m.",SOURCE_FOUND,
species:western-tiger-salamander,Western tiger salamander,Salamandre tigrée de l'Ouest,Ambystoma mavortium,Ambystoma,mavortium,Ambystomatidae,Caudata,species_group:salamanders,source:itis-taxonomy,NATIVE,"Southern Canada south through much of the western and central United States to central Mexico; absent from most of the Great Basin and the far western US west of the Rockies, where it has been introduced in many localities. Meets the eastern tiger salamander's range in the Great Plains.",SOURCE_FOUND,
species:eastern-tiger-salamander,Eastern tiger salamander,Salamandre tigrée de l'Est,Ambystoma tigrinum,Ambystoma,tigrinum,Ambystomatidae,Caudata,species_group:salamanders,source:itis-taxonomy,NATIVE,"Eastern and central North America; Animal Diversity Web describes the broadly defined tiger salamander as ranging from southeastern Alaska to southern Labrador and south across the US to the Mexican Plateau, a range that includes forms NatureServe now assigns to other species.",SOURCE_FOUND,
species:western-toad,Western toad,Crapaud de l'Ouest,Anaxyrus boreas,Anaxyrus,boreas,Bufonidae,Anura,species_group:frogs,source:itis-taxonomy,NATIVE,"Pacific coast from southern Alaska to Baja California and east through the Rocky Mountains to west-central Alberta, Montana, Wyoming, Utah and Colorado; absent from most of the desert Southwest.",SOURCE_FOUND,
species:great-plains-toad,Great Plains toad,Crapaud des steppes,Anaxyrus cognatus,Anaxyrus,cognatus,Bufonidae,Anura,species_group:frogs,source:itis-taxonomy,NATIVE,"Great Plains, southwestern US and northern Mexico: from southern Manitoba and southeastern Alberta south to central Mexico; east to western Minnesota, Iowa, Missouri and Oklahoma, west to central Montana, Colorado and southeastern California.",SOURCE_FOUND,
species:red-spotted-toad,Red-spotted toad,,Anaxyrus punctatus,Anaxyrus,punctatus,Bufonidae,Anura,species_group:frogs,source:itis-taxonomy,NATIVE,"California, Nevada, central Utah, Colorado and southwestern Kansas south to southern Baja California and Querétaro, Mexico, at elevations up to about 1,980 m. Not reported from Canada in the sources read.",SOURCE_FOUND,
species:woodhouses-toad,Woodhouse's toad,Crapaud de Woodhouse,Anaxyrus woodhousii,Anaxyrus,woodhousii,Bufonidae,Anura,species_group:frogs,source:itis-taxonomy,NATIVE,"Central and southwestern United States from southern Texas to northern Montana and North Dakota and west across the desert Southwest to Utah, with isolated populations in Idaho, Washington, Oregon and California; adjacent northern Mexico.",SOURCE_FOUND,
species:clouded-salamander,Clouded salamander,salamandre pommelée,Aneides ferreus,Aneides,ferreus,Plethodontidae,Caudata,species_group:salamanders,source:itis-taxonomy,NATIVE,"Coastal forests of Oregon and northern California, from the Columbia River south, plus a separate group on Vancouver Island and adjacent islands in British Columbia; sea level to about 1,500-1,700 m.",SOURCE_FOUND,
species:black-salamander,Black salamander,,Aneides flavipunctatus,Aneides,flavipunctatus,Plethodontidae,Caudata,species_group:salamanders,source:itis-taxonomy,NATIVE,"Southwestern Oregon south through the California coastal mountains to the Russian River (Sonoma County), with isolated populations near Santa Cruz and around Shasta Lake; sea level to about 1,700 m. Not found in Canada.",SOURCE_FOUND,
species:arboreal-salamander,Arboreal salamander,,Aneides lugubris,Aneides,lugubris,Plethodontidae,Caudata,species_group:salamanders,source:itis-taxonomy,NATIVE,"California Coast Ranges from Humboldt County into Baja California, the central Sierra Nevada foothills, and offshore islands (South Farallon, Santa Catalina, Los Coronados); sea level to about 5,000 ft.",SOURCE_FOUND,
species:wandering-salamander,Wandering salamander,Salamandre errante,Aneides vagrans,Aneides,vagrans,Plethodontidae,Caudata,species_group:salamanders,source:itis-taxonomy,NATIVE,"Humid coastal forests of northern California (Del Norte to Sonoma County) and, in Canada, Vancouver Island, adjacent small islands and one Sunshine Coast location in British Columbia; absent from Oregon and Washington.",SOURCE_FOUND,
species:glossy-snake,Glossy snake,,Arizona elegans,Arizona,elegans,Colubridae,Squamata,species_group:snakes,source:itis-taxonomy,NATIVE,"Central and southern California, southern Nevada, southern Utah, Colorado, southern Nebraska, Kansas, Oklahoma, Arizona, New Mexico and Texas, south into Baja California and Mexico; not in Canada.",SOURCE_FOUND,
species:tiger-whiptail,Tiger whiptail,,Aspidoscelis tigris,Aspidoscelis,tigris,Teiidae,Squamata,species_group:lizards,source:itis-taxonomy,NATIVE,"Oregon and Idaho south through California, Nevada, Utah, Arizona, Colorado and western Texas to Baja California and northern Mexico.",SOURCE_FOUND,
species:plateau-striped-whiptail,Plateau striped whiptail,,Aspidoscelis velox,Aspidoscelis,velox,Teiidae,Squamata,species_group:lizards,source:itis-taxonomy,NATIVE,"Colorado Plateau and vicinity in southern Utah, western Colorado, northern Arizona and northern New Mexico at about 1,200-2,440 m; introduced and established at Cove Palisades State Park, Oregon.",SOURCE_FOUND,
species:california-slender-salamander,California slender salamander,,Batrachoseps attenuatus,Batrachoseps,attenuatus,Plethodontidae,Caudata,species_group:salamanders,source:itis-taxonomy,NATIVE,"Coastal southwestern Oregon south through coastal northern California and the Coast Ranges to the Monterey Bay lowlands and Tres Pinos Creek area (Santa Cruz and San Benito counties), plus parts of the inner Coast Ranges; not in Canada.",SOURCE_FOUND,
species:southern-california-slender-salamander,Southern California slender salamander,,Batrachoseps major,Batrachoseps,major,Plethodontidae,Caudata,species_group:salamanders,source:itis-taxonomy,NATIVE,"Southern California from the base of the San Gabriel and San Bernardino mountains south to El Rosario, Baja California, plus Catalina and offshore islands; up to about 1,500 m. Not in Canada.",SOURCE_FOUND,
species:zebra-tailed-lizard,Zebra-tailed lizard,,Callisaurus draconoides,Callisaurus,draconoides,Phrynosomatidae,Squamata,species_group:lizards,source:itis-taxonomy,NATIVE,"Deserts of the southwestern United States and northern Mexico: northwestern Nevada and southwestern Utah south through southeastern California, Arizona and extreme southwestern New Mexico to Baja California and Sinaloa; sea level to about 1,520 m. Not in Canada.",SOURCE_FOUND,
species:northern-rubber-boa,Northern rubber boa,,Charina bottae,Charina,bottae,Boidae,Squamata,species_group:snakes,source:itis-taxonomy,NATIVE,"Southern British Columbia and Alberta south to west-central California, central Nevada and southern Utah; Pacific coast east to north-central Wyoming and western Montana. Distribution is patchy, especially at southern and eastern edges.",SOURCE_FOUND,
species:western-shovel-nosed-snake,Western shovel-nosed snake,,Chionactis occipitalis,Chionactis,occipitalis,Colubridae,Squamata,species_group:snakes,source:itis-taxonomy,NATIVE,"Mojave, Sonoran and Colorado deserts of southern California, southern Nevada, northwestern Arizona, Baja California and northwestern Sonora, below about 1,400 m in California.",SOURCE_FOUND,
species:painted-turtle,Painted turtle,Tortue peinte,Chrysemys picta,Chrysemys,picta,Emydidae,Testudines,species_group:turtles,source:itis-taxonomy,NATIVE,"Only turtle spanning North America coast to coast: from Nova Scotia and New Brunswick across southern Canada to Vancouver Island, and through most of the eastern and central US to the Gulf Coast in Louisiana; a few isolated populations occur in the southwest US and Mexico.",SOURCE_FOUND,
species:western-banded-gecko,Western banded gecko,,Coleonyx variegatus,Coleonyx,variegatus,Gekkonidae,Squamata,species_group:lizards,source:itis-taxonomy,NATIVE,"Southern California, southern Nevada, southwestern Utah, western and southern Arizona and extreme southwestern New Mexico, and throughout Baja California and western Sonora; from below sea level to about 2,000 m. Not in Canada.",SOURCE_FOUND,
species:north-american-racer,North American racer,Couleuvre agile,Coluber constrictor,Coluber,constrictor,Colubridae,Squamata,species_group:snakes,source:itis-taxonomy,NATIVE,"Southern British Columbia, southern Saskatchewan, southern Ontario and southern Maine south through most of the United States (to southern California, Arizona, Texas and Florida) and into Mexico, Guatemala and Belize.",SOURCE_FOUND,
species:coachwhip,Coachwhip,,Coluber flagellum,Coluber,flagellum,Colubridae,Squamata,species_group:snakes,source:itis-taxonomy,NATIVE,"Southern United States from North Carolina and Florida west through Kansas and southern Nebraska to Arizona and California (to San Francisco Bay), and north-central Mexico; not in Canada.",SOURCE_FOUND,
species:striped-racer,Striped racer,,Coluber lateralis,Coluber,lateralis,Colubridae,Squamata,species_group:snakes,source:itis-taxonomy,NATIVE,"California from the Sierra Nevada and Coast Ranges through southwestern California to northwestern Baja California; up to about 1,835 m in California. The Alameda striped racer subspecies is restricted to the Coast Ranges east of San Francisco Bay. Not in Canada.",SOURCE_FOUND,
species:striped-whipsnake,Striped whipsnake,,Coluber taeniatus,Coluber,taeniatus,Colubridae,Squamata,species_group:snakes,source:itis-taxonomy,NATIVE,"Southeastern Washington and southern Idaho south through Oregon, eastern California, Nevada, Utah, western Colorado, Arizona, New Mexico and western and central Texas into northern Mexico; up to about 3,077 m.",SOURCE_FOUND,
species:forest-sharp-tailed-snake,Forest sharp-tailed snake,,Contia longicauda,Contia,longicauda,Colubridae,Squamata,species_group:snakes,source:itis-taxonomy,NATIVE,"Outer Coast Ranges of northern California and southwestern Oregon, the Klamath Mountains, and parts of the southern Oregon Cascades; parapatric with C. tenuis in places. Not in Canada.",SOURCE_FOUND,
species:common-sharp-tailed-snake,Common sharp-tailed snake,Couleuvre à queue fine,Contia tenuis,Contia,tenuis,Colubridae,Squamata,species_group:snakes,source:itis-taxonomy,NATIVE,"Southern Vancouver Island and Gulf Islands (British Columbia) south through Washington, Oregon and northern California, including the Sierra foothills; in Washington it occurs in about thirteen disjunct areas.",SOURCE_FOUND,
species:western-diamond-backed-rattlesnake,Western diamond-backed rattlesnake,,Crotalus atrox,Crotalus,atrox,Viperidae,Squamata,species_group:snakes,source:itis-taxonomy,NATIVE,"Southeastern California, central and southern Arizona, New Mexico, Texas, Oklahoma and Arkansas south into Mexico; in Nevada only the far southern tip (NDOW) and rare in far southeastern California (CDFW). Kansas records may be translocated animals (NatureServe).",SOURCE_FOUND,
species:sidewinder,Sidewinder,,Crotalus cerastes,Crotalus,cerastes,Viperidae,Squamata,species_group:snakes,source:itis-taxonomy,NATIVE,"Southeastern California, southern Nevada and extreme southwestern Utah south through southwestern Arizona into northeastern Baja California and northwestern Sonora; from below sea level to about 1,830 m (NatureServe).",SOURCE_FOUND,
species:southwestern-speckled-rattlesnake,Southwestern speckled rattlesnake,,Crotalus pyrrhus,Crotalus,pyrrhus,Viperidae,Squamata,species_group:snakes,source:itis-taxonomy,NATIVE,"Northern half of the Baja California Peninsula north into southern California, southern Nevada, western Arizona and southwestern Utah (NatureServe); in Nevada a small range in the southeast, overlapping the Panamint rattlesnake near Las Vegas (NDOW).",SOURCE_FOUND,
species:mohave-rattlesnake,Mohave rattlesnake,,Crotalus scutulatus,Crotalus,scutulatus,Viperidae,Squamata,species_group:snakes,source:itis-taxonomy,NATIVE,"Southern California, southern Nevada and southwestern Utah south through Arizona, southern New Mexico and western Texas into central Mexico; sea level to about 2,530 m (NatureServe).",SOURCE_FOUND,
species:panamint-rattlesnake,Panamint rattlesnake,,Crotalus stephensi,Crotalus,stephensi,Viperidae,Squamata,species_group:snakes,source:itis-taxonomy,NATIVE,Part of southern California (not the southernmost part) and adjacent southwestern Nevada (NatureServe); overlaps the southwestern speckled rattlesnake in parts of the Las Vegas Valley (NDOW).,SOURCE_FOUND,
species:great-basin-collared-lizard,Great Basin collared lizard,,Crotaphytus bicinctores,Crotaphytus,bicinctores,Crotaphytidae,Squamata,species_group:lizards,source:itis-taxonomy,NATIVE,"Southeastern Oregon and southern Idaho south through northeastern California, Nevada, and western and central Utah to southeastern California and western Arizona (NatureServe).",SOURCE_FOUND,
species:eastern-collared-lizard,Eastern collared lizard,,Crotaphytus collaris,Crotaphytus,collaris,Crotaphytidae,Squamata,species_group:lizards,source:itis-taxonomy,NATIVE,"Southeastern Utah, southern Colorado, Kansas and central and southern Missouri south through Arizona, New Mexico, western and central Texas, Oklahoma and Arkansas into northern Mexico; Louisiana records may not be natural (NatureServe). Missouri populations north of the Missouri River appear introduced (MDC).",SOURCE_FOUND,
species:baja-california-collared-lizard,Baja California collared lizard,,Crotaphytus vestigium,Crotaphytus,vestigium,Crotaphytidae,Squamata,species_group:lizards,source:itis-taxonomy,NATIVE,"Desert slopes of the Peninsular Ranges in southern California north to the San Jacinto Mountains near Palm Springs, and much of Baja California; an isolated Tecate Mountain (San Diego County) population needs confirmation (NatureServe; theNAT).",SOURCE_FOUND,
species:ring-necked-snake,Ring-necked snake,Couleuvre à collier,Diadophis punctatus,Diadophis,punctatus,Colubridae,Squamata,species_group:snakes,source:itis-taxonomy,NATIVE,"Coast to coast across North America; northern limit of the continuous range reaches Nova Scotia, southern Quebec and southern Ontario, and it occurs disjunctly in the West (NatureServe).",SOURCE_FOUND,
species:coastal-giant-salamander,Coastal giant salamander,Grande salamandre,Dicamptodon tenebrosus,Dicamptodon,tenebrosus,Dicamptodontidae,Caudata,species_group:salamanders,source:itis-taxonomy,NATIVE,Extreme southwestern British Columbia (Chilliwack River drainage) south through western Washington and Oregon to northwestern California (NatureServe).,SOURCE_FOUND,
species:desert-iguana,Desert iguana,,Dipsosaurus dorsalis,Dipsosaurus,dorsalis,Iguanidae,Squamata,species_group:lizards,source:itis-taxonomy,NATIVE,"Southern Nevada, southern California east of the Sierra Nevada and Coast ranges, and western and central Arizona south through Baja California and Sonora; United States range closely matches that of creosote bush; below sea level to about 1,520 m (NatureServe).",SOURCE_FOUND,
species:northern-alligator-lizard,Northern alligator lizard,Lézard alligator du Nord,Elgaria coerulea,Elgaria,coerulea,Anguidae,Squamata,species_group:lizards,source:itis-taxonomy,NATIVE,"Southern British Columbia including Vancouver Island, south through western Washington and Oregon to west-central coastal California and the central Sierra Nevada, and in the Rockies to northern Idaho and western Montana, with disjunct populations in south-central Oregon, northeastern California and northwestern Nevada (NatureServe).",SOURCE_FOUND,
species:southern-alligator-lizard,Southern alligator lizard,,Elgaria multicarinata,Elgaria,multicarinata,Anguidae,Squamata,species_group:lizards,source:itis-taxonomy,NATIVE,"Mainly west of the Cascade-Sierra Nevada crest from south-central Washington through western Oregon and California to northern Baja California; introduced at Las Vegas, Nevada (NatureServe).",SOURCE_FOUND,
species:ensatina,Ensatina,Salamandre variable,Ensatina eschscholtzii,Ensatina,eschscholtzii,Plethodontidae,Caudata,species_group:salamanders,source:itis-taxonomy,NATIVE,"Southwestern British Columbia south along the Coast Ranges to northwestern Baja California, and on the western slopes of the Cascades and Sierra Nevada; absent from the Sacramento-San Joaquin valley; sea level to about 8,000 ft (NatureServe). North of the Sunshine Coast it is known from only a few isolated sites in British Columbia (BC).",SOURCE_FOUND,
species:long-nosed-leopard-lizard,Long-nosed leopard lizard,,Gambelia wislizenii,Gambelia,wislizenii,Crotaphytidae,Squamata,species_group:lizards,source:itis-taxonomy,NATIVE,"Oregon, southern Idaho, Utah and western Colorado south through eastern and southern California, Nevada, Arizona, New Mexico and western Texas to northeastern Baja California and north-central mainland Mexico (NatureServe).",SOURCE_FOUND,
species:mediterranean-gecko,Mediterranean gecko,,Hemidactylus turcicus,Hemidactylus,turcicus,Gekkonidae,Squamata,species_group:lizards,source:itis-taxonomy,INTRODUCED,"Introduced in North America. Native to the Mediterranean region and nearby (NatureServe; NDOW); established from Florida to Texas and north into southeastern states, in Arizona and southern California, and in southern Nevada urban areas (NatureServe; NDOW).",SOURCE_FOUND,
species:common-lesser-earless-lizard,Common lesser earless lizard,,Holbrookia maculata,Holbrookia,maculata,Phrynosomatidae,Squamata,species_group:lizards,source:itis-taxonomy,NATIVE,"Southern South Dakota to central Texas, southwest to southeastern Utah and Arizona, and south to Jalisco and Guanajuato, Mexico (NatureServe).",SOURCE_FOUND,
species:canyon-treefrog,Canyon treefrog,,Hyla arenicolor,Hyla,arenicolor,Hylidae,Anura,species_group:frogs,source:itis-taxonomy,NATIVE,"Western and southeastern Colorado and southern Utah south through Arizona and western New Mexico into Mexico, with isolated populations in northeastern New Mexico and the Big Bend area of Texas (NatureServe).",SOURCE_FOUND,
species:desert-nightsnake,Desert nightsnake,Couleuvre des déserts,Hypsiglena chlorophaea,Hypsiglena,chlorophaea,Colubridae,Squamata,species_group:snakes,source:itis-taxonomy,NATIVE,"South-central British Columbia south through Washington, Oregon, southern Idaho, eastern California, Nevada, Utah and western Colorado to Arizona, northeastern Baja California and northwestern mainland Mexico (NatureServe).",SOURCE_FOUND,
species:coast-nightsnake,Coast nightsnake,,Hypsiglena ochrorhyncha,Hypsiglena,ochrorhyncha,Colubridae,Squamata,species_group:snakes,source:itis-taxonomy,NATIVE,Northern California south through western California to southern Baja California (NatureServe).,SOURCE_FOUND,
species:california-kingsnake,California kingsnake,,Lampropeltis californiae,Lampropeltis,californiae,Colubridae,Squamata,species_group:snakes,source:itis-taxonomy,NATIVE,"Southern Oregon, western and southern Nevada, southern Utah and extreme southwestern Colorado south through California and Arizona to southern Baja California and northern Sinaloa (NatureServe).",SOURCE_FOUND,
species:western-milk-snake,Western milk snake,,Lampropeltis gentilis,Lampropeltis,gentilis,Colubridae,Squamata,species_group:snakes,source:itis-taxonomy,NATIVE,"Utah, eastern Montana, South Dakota and Nebraska south through parts of Wyoming, Colorado, Kansas and Oklahoma to southeastern Arizona, southern New Mexico, southern Texas, southern Arkansas and Louisiana west of the Mississippi; to about 2,740 m (NatureServe).",SOURCE_FOUND,
species:arizona-mountain-kingsnake,Arizona mountain kingsnake,,Lampropeltis pyromelana,Lampropeltis,pyromelana,Colubridae,Squamata,species_group:snakes,source:itis-taxonomy,NATIVE,Discontinuous from east-central Nevada and central and western Utah south to near (mostly north of) the Mogollon Rim in Arizona and New Mexico (NatureServe); in Nevada limited to east-central mountains (NDOW).,SOURCE_FOUND,
species:california-mountain-kingsnake,California mountain kingsnake,,Lampropeltis zonata,Lampropeltis,zonata,Colubridae,Squamata,species_group:snakes,source:itis-taxonomy,NATIVE,"Western United States: around the Central Valley of California along the Sierra Nevada and Northern Coast Ranges, north into the Klamath Mountains in Oregon, with a disjunct population in the Columbia Gorge in Washington; populations south of Monterey Bay are treated as L. multifasciata by NatureServe (NatureServe).",SOURCE_FOUND,
species:northern-three-lined-boa,Northern three-lined boa,,Lichanura orcutti,Lichanura,orcutti,Boidae,Squamata,species_group:snakes,source:itis-taxonomy,NATIVE,"San Diego County, California, along the coastal Peninsular Ranges, north into the Mohave Desert and east in the Sonoran Desert of California and western Arizona (north of the Gila River), plus the Newberry Mountains in southern Nevada (NatureServe).",SOURCE_FOUND,
species:rio-grande-leopard-frog,Rio Grande leopard frog,,Lithobates berlandieri,Lithobates,berlandieri,Ranidae,Anura,species_group:frogs,source:itis-taxonomy,NATIVE,"Native to extreme southern New Mexico and central and western Texas south through eastern and southern Mexico to Nicaragua; introduced and well established in the Imperial Valley and along the lower Colorado and Gila rivers in California and Arizona, replacing native lowland leopard frogs (NatureServe).",SOURCE_FOUND,
species:southern-leopard-frog,Southern leopard frog,,Lithobates sphenocephalus,Lithobates,sphenocephalus,Ranidae,Anura,species_group:frogs,source:itis-taxonomy,NATIVE,"Lowlands of the southeastern United States from southern New York to the Florida Keys, west to eastern Kansas, central Oklahoma and eastern Texas; introduced on Little Bahama Bank. Not reported for Canada in the source.",SOURCE_FOUND,
species:smooth-green-snake,Smooth green snake,Couleuvre verte,Opheodrys vernalis,Opheodrys,vernalis,Colubridae,Squamata,species_group:snakes,source:itis-taxonomy,NATIVE,"Nova Scotia west across southern Canada (Quebec, Ontario, Manitoba) to southeastern Saskatchewan, south through the northeastern and Midwestern US to Virginia, Missouri, Nebraska, New Mexico and Utah; western populations are highly disjunct.",SOURCE_FOUND,
species:great-plains-ratsnake,Great Plains ratsnake,,Pantherophis emoryi,Pantherophis,emoryi,Colubridae,Squamata,species_group:snakes,source:itis-taxonomy,NATIVE,"Southwestern Illinois, Missouri, southern South Dakota and southeastern Colorado south to San Luis Potosi and Veracruz, through most of Texas, with a disjunct population in eastern Utah and western Colorado. Not found in Canada.",SOURCE_FOUND,
species:mearns-rock-lizard,Mearns' rock lizard,,Petrosaurus mearnsi,Petrosaurus,mearnsi,Phrynosomatidae,Squamata,species_group:lizards,source:itis-taxonomy,NATIVE,"From San Gorgonio Pass (Riverside County, California) south through the Peninsular Ranges to at least Bahia de los Angeles in Baja California, plus some Gulf of California islands; in the US limited to eastern San Diego and central Riverside counties, to about 1,200 m.",SOURCE_FOUND,
species:pygmy-short-horned-lizard,Pygmy short-horned lizard,Iguane pygmée à cornes courtes,Phrynosoma douglasii,Phrynosoma,douglasii,Phrynosomatidae,Squamata,species_group:lizards,source:itis-taxonomy,NATIVE,"Eastern Washington south to northeastern California and east to northern Nevada and eastern Idaho; an old record exists from extreme southwestern Montana. Historical records near Osoyoos Lake, British Columbia, but considered extirpated from Canada.",SOURCE_FOUND,
species:greater-short-horned-lizard,Greater short-horned lizard,,Phrynosoma hernandesi,Phrynosoma,hernandesi,Phrynosomatidae,Squamata,species_group:lizards,source:itis-taxonomy,NATIVE,"Southeastern Alberta and southwestern Saskatchewan south through eastern Montana, the western Dakotas, Wyoming, western Nebraska, Colorado, Utah, eastern Nevada, New Mexico, Arizona and western Texas to northern Mexico; limits around southeastern Idaho, northern Utah and Nevada are not precisely known.",SOURCE_FOUND,
species:desert-horned-lizard,Desert horned lizard,,Phrynosoma platyrhinos,Phrynosoma,platyrhinos,Phrynosomatidae,Squamata,species_group:lizards,source:itis-taxonomy,NATIVE,"Southeastern Oregon, southwestern Idaho and northern Utah south through eastern and southern California, Nevada and western Arizona to northeastern Baja California; from below sea level to about 1,980 m.",SOURCE_FOUND,
species:spotted-leaf-nosed-snake,Spotted leaf-nosed snake,,Phyllorhynchus decurtatus,Phyllorhynchus,decurtatus,Colubridae,Squamata,species_group:snakes,source:itis-taxonomy,NATIVE,"Southern California (north to Inyo County), southern Nevada, extreme southwestern Utah and central Arizona south to southern Baja California and southern Sonora, Mexico; in Nevada only the south of the state; below sea level to about 1,220 m.",SOURCE_FOUND,
species:gophersnake,Gophersnake,Couleuvre à nez mince,Pituophis catenifer,Pituophis,catenifer,Colubridae,Squamata,species_group:snakes,source:itis-taxonomy,NATIVE,"Southern British Columbia, southern Alberta, southern Saskatchewan, Minnesota and Indiana south through most of western and central North America to northern Baja California, Sinaloa and Zacatecas.",SOURCE_FOUND,
species:gilberts-skink,Gilbert's skink,,Plestiodon gilberti,Plestiodon,gilberti,Scincidae,Squamata,species_group:lizards,source:itis-taxonomy,NATIVE,"Sierra Nevada and Coast Ranges of California south to northern Baja California, with isolated populations in southeastern California, southern Nevada and west-central Arizona; sea level to about 2,200 m.",SOURCE_FOUND,
species:many-lined-skink,Many-lined skink,,Plestiodon multivirgatus,Plestiodon,multivirgatus,Scincidae,Squamata,species_group:lizards,source:itis-taxonomy,NATIVE,"Southern South Dakota, Nebraska, southeastern Wyoming and northeastern Colorado (northern segment); southern Colorado, southeastern Utah, Arizona, New Mexico and western Texas (southern segment); roughly 910-2,620 m. Not found in Canada.",SOURCE_FOUND,
species:western-skink,Western skink,Scinque de l'Ouest,Plestiodon skiltonianus,Plestiodon,skiltonianus,Scincidae,Squamata,species_group:lizards,source:itis-taxonomy,NATIVE,"Western North America from south-central British Columbia to northwestern Baja California, from the Pacific coast east to western Montana, Idaho, eastern Utah and north-central Arizona, to about 2,530 m.",SOURCE_FOUND,
species:dunns-salamander,Dunn's salamander,,Plethodon dunni,Plethodon,dunni,Plethodontidae,Caudata,species_group:salamanders,source:itis-taxonomy,NATIVE,"Southwestern Washington (Willapa Hills) south through western Oregon to extreme northwestern California (Smith River watershed), from sea level to about 1,000 m.",SOURCE_FOUND,
species:california-treefrog,California treefrog,,Pseudacris cadaverina,Pseudacris,cadaverina,Hylidae,Anura,species_group:frogs,source:itis-taxonomy,NATIVE,"Southwestern California south into northern Baja California, Mexico, from near sea level to about 2,290 m. Not found in Canada.",SOURCE_FOUND,
species:baja-california-treefrog,Baja California treefrog,,Pseudacris hypochondriaca,Pseudacris,hypochondriaca,Hylidae,Anura,species_group:frogs,source:itis-taxonomy,NATIVE,"Under the Recuero et al. (2006) arrangement, from southern California, southern Nevada, southwestern Utah (possibly extirpated) and western Arizona south to southern Baja California; Recuero et al. did not give distributional details.",SOURCE_FOUND,
species:boreal-chorus-frog,Boreal chorus frog,Rainette faux-grillon boréale,Pseudacris maculata,Pseudacris,maculata,Hylidae,Anura,species_group:frogs,source:itis-taxonomy,NATIVE,"Large parts of Canada and the western and north-central US, from Great Bear Lake (Northwest Territories) and northern Ontario south to Arizona, New Mexico, northern Oklahoma, Missouri, Arkansas and Illinois, with disjunct populations in southern Ontario, southern Quebec, northern New York and northwestern Vermont; to about 3,670 m.",SOURCE_FOUND,
species:pacific-treefrog,Pacific treefrog,Rainette du Pacifique,Pseudacris regilla,Pseudacris,regilla,Hylidae,Anura,species_group:frogs,source:itis-taxonomy,NATIVE,"Southern British Columbia south through the western United States to southern Baja California, east to Montana, Idaho and Nevada; introduced populations on Haida Gwaii (Queen Charlotte Islands) and Revillagigedo Island, Alaska, and probably in desert California and Arizona. Montana populations are now attributed to the Sierran treefrog.",SOURCE_FOUND,
species:sierran-treefrog,Sierran treefrog,,Pseudacris sierra,Pseudacris,sierra,Hylidae,Anura,species_group:frogs,source:itis-taxonomy,NATIVE,"Central California, Nevada, eastern Oregon, Idaho and western Montana, possibly extreme northwestern Utah; genetic work (Jadin et al. 2021) found it, not the Pacific treefrog, in Idaho and Montana.",SOURCE_FOUND,
species:western-threadsnake,Western threadsnake,,Rena humilis,Rena,humilis,Leptotyphlopidae,Squamata,species_group:snakes,source:itis-taxonomy,NATIVE,"Southern California, southern Nevada and southwestern Utah south through Arizona, southern New Mexico and western Texas to southern Baja California and Colima, Mexico; from below sea level to about 1,520 m.",SOURCE_FOUND,
species:long-nosed-snake,Long-nosed snake,,Rhinocheilus lecontei,Rhinocheilus,lecontei,Colubridae,Squamata,species_group:snakes,source:itis-taxonomy,NATIVE,"Northern California, southern Idaho, Utah, southeastern Colorado and southwestern Kansas south to central Baja California, Jalisco, San Luis Potosi and Tamaulipas; below sea level to about 1,900 m. Not found in Canada.",SOURCE_FOUND,
species:western-patch-nosed-snake,Western patch-nosed snake,,Salvadora hexalepis,Salvadora,hexalepis,Colubridae,Squamata,species_group:snakes,source:itis-taxonomy,NATIVE,"Southern and eastern California, western and southern Nevada and extreme southwestern Utah south through Arizona, southern New Mexico and southwestern Texas to the tip of Baja California, southern Sinaloa and Chihuahua; below sea level to about 2,135 m.",SOURCE_FOUND,
species:common-chuckwalla,Common chuckwalla,,Sauromalus ater,Sauromalus,ater,Iguanidae,Squamata,species_group:lizards,source:itis-taxonomy,NATIVE,"Southern Nevada, southern Utah, southeastern California and western Arizona south to southern Baja California and west-central Sonora, Mexico.",SOURCE_FOUND,
species:prairie-lizard,Prairie lizard,,Sceloporus consobrinus,Sceloporus,consobrinus,Phrynosomatidae,Squamata,species_group:lizards,source:itis-taxonomy,NATIVE,"Central North America from southwestern Wyoming, Nebraska, southern South Dakota and Missouri south through eastern Colorado, eastern New Mexico, Kansas, Oklahoma and Arkansas to Texas, Louisiana, Mississippi and southwestern Alabama. Not found in Canada.",SOURCE_FOUND,
species:common-sagebrush-lizard,Common sagebrush lizard,,Sceloporus graciosus,Sceloporus,graciosus,Phrynosomatidae,Squamata,species_group:lizards,source:itis-taxonomy,NATIVE,"Washington, Idaho, Montana and North Dakota south to northern Baja California, northern Arizona and northwestern New Mexico, east into western Nebraska; about 150-3,200 m. Not in Canada.",SOURCE_FOUND,
species:desert-spiny-lizard,Desert spiny lizard,,Sceloporus magister,Sceloporus,magister,Phrynosomatidae,Squamata,species_group:lizards,source:itis-taxonomy,NATIVE,"Nevada and southwestern Colorado south to northern Baja California, Sinaloa and Coahuila; west of the Central Valley in California and east to western Texas; near sea level to about 1,520 m.",SOURCE_FOUND,
species:western-fence-lizard,Western fence lizard,,Sceloporus occidentalis,Sceloporus,occidentalis,Phrynosomatidae,Squamata,species_group:lizards,source:itis-taxonomy,NATIVE,"Washington and southeastern Idaho south through Oregon, California, Nevada and western Utah to northwestern Baja California; sea level to about 3,350 m. Non-native in Montana.",SOURCE_FOUND,
species:granite-spiny-lizard,Granite spiny lizard,,Sceloporus orcutti,Sceloporus,orcutti,Phrynosomatidae,Squamata,species_group:lizards,source:itis-taxonomy,NATIVE,"From the north side of San Gorgonio Pass (Peninsular Ranges, southern California) south to near La Paz in southern Baja California, including several Gulf of California islands; sea level to about 2,130 m.",SOURCE_FOUND,
species:plateau-fence-lizard,Plateau fence lizard,,Sceloporus tristichus,Sceloporus,tristichus,Phrynosomatidae,Squamata,species_group:lizards,source:itis-taxonomy,NATIVE,"Southwestern Wyoming, eastern and southern Utah, western and south-central Colorado, northern and central Arizona and northern New Mexico; not in Canada. In Wyoming it is confined to the lower Green River valley and a narrow strip at the east edge of the Laramie Mountains.",SOURCE_FOUND,
species:yellow-backed-spiny-lizard,Yellow-backed spiny lizard,,Sceloporus uniformis,Sceloporus,uniformis,Phrynosomatidae,Squamata,species_group:lizards,source:itis-taxonomy,NATIVE,"California, Nevada, Arizona and Utah (Mojave, Great Basin and San Joaquin deserts); endemic to the United States, not in Canada.",SOURCE_FOUND,
species:western-groundsnake,Western groundsnake,,Sonora semiannulata,Sonora,semiannulata,Colubridae,Squamata,species_group:snakes,source:itis-taxonomy,NATIVE,"Southwestern United States and northern Mexico: southeastern Oregon, southwestern Idaho, eastern California, western Nevada, southwestern Utah, western and southern Arizona, southwestern New Mexico and extreme western Texas. Not in Canada.",SOURCE_FOUND,
species:plains-spadefoot,Plains spadefoot,Pied-bêche des plaines,Spea bombifrons,Spea,bombifrons,Scaphiopodidae,Anura,species_group:frogs,source:itis-taxonomy,NATIVE,"South-central Canada (southern Alberta and Saskatchewan, north to near Outlook, SK) south to north-central Mexico, west to western Montana, eastern Colorado and eastern Arizona and east to western Iowa, eastern Missouri and central Arkansas, with disjunct populations in southern Texas and Arkansas.",SOURCE_FOUND,
species:great-basin-spadefoot,Great Basin spadefoot,Crapaud du Grand Bassin,Spea intermontana,Spea,intermontana,Scaphiopodidae,Anura,species_group:frogs,source:itis-taxonomy,NATIVE,"Southern British Columbia south through central and eastern Washington and Oregon, southern Idaho, eastern California, Nevada, Utah, Wyoming and northwestern Colorado to northwestern Arizona, from the Cascade-Sierra axis east to the Rockies.",SOURCE_FOUND,
species:mexican-spadefoot,Mexican spadefoot,,Spea multiplicata,Spea,multiplicata,Scaphiopodidae,Anura,species_group:frogs,source:itis-taxonomy,NATIVE,"Southeastern Utah, southern Colorado and northern Oklahoma south through Arizona, New Mexico and western Texas to Mexico (Guerrero and Oaxaca); up to about 2,470 m. Not in Canada.",SOURCE_FOUND,
species:smiths-black-headed-snake,Smith's black-headed snake,,Tantilla hobartsmithi,Tantilla,hobartsmithi,Colubridae,Squamata,species_group:snakes,source:itis-taxonomy,NATIVE,"Discontinuous from southern California, southern Nevada, Utah and west-central Colorado south to Arizona, southern New Mexico and Texas, and into northern Mexico. Not in Canada.",SOURCE_FOUND,
species:western-black-headed-snake,Western black-headed snake,,Tantilla planiceps,Tantilla,planiceps,Colubridae,Squamata,species_group:snakes,source:itis-taxonomy,NATIVE,"California Coast Ranges from east of Livermore and south of San Francisco Bay, through the Transverse Ranges, south to the tip of Baja California, reaching the desert side of mountains in southern California; not in Canada.",SOURCE_FOUND,
species:rough-skinned-newt,Rough-skinned newt,Triton rugueux,Taricha granulosa,Taricha,granulosa,Salamandridae,Caudata,species_group:salamanders,source:itis-taxonomy,NATIVE,"Pacific coast from Santa Cruz County, California, north to Juneau, Alaska, including Vancouver Island and other coastal islands, from sea level to about 2,740 m. Isolated populations in Latah County, Idaho and Saunders County, Montana; the Idaho population is probably introduced.",SOURCE_FOUND,
species:aquatic-gartersnake,Aquatic gartersnake,,Thamnophis atratus,Thamnophis,atratus,Colubridae,Squamata,species_group:snakes,source:itis-taxonomy,NATIVE,"Southwestern Oregon and western California north of Point Conception (Coast Ranges from the Oregon border to central Santa Barbara County), from sea level to about 1,920 m; absent from the Salinas Valley. Not in Canada.",SOURCE_FOUND,
species:sierra-gartersnake,Sierra gartersnake,,Thamnophis couchii,Thamnophis,couchii,Colubridae,Squamata,species_group:snakes,source:itis-taxonomy,NATIVE,"Sierra Nevada of California from the Pit and Sacramento rivers south to the Tehachapi Mountains, east along major rivers to the Owens Valley and west-central Nevada, about 90-2,440 m. Not in Canada.",SOURCE_FOUND,
species:black-necked-gartersnake,Black-necked gartersnake,,Thamnophis cyrtopsis,Thamnophis,cyrtopsis,Colubridae,Squamata,species_group:snakes,source:itis-taxonomy,NATIVE,"Southern Colorado, southwestern Utah, central and eastern Arizona, New Mexico (except the far east) and western and central Texas, south through Mexico to Guatemala. Not in Canada.",SOURCE_FOUND,
species:terrestrial-gartersnake,Terrestrial gartersnake,Couleuvre de l'Ouest,Thamnophis elegans,Thamnophis,elegans,Colubridae,Squamata,species_group:snakes,source:itis-taxonomy,NATIVE,"Northern Mexico (Baja California) through the western United States, from New Mexico to western Oklahoma and Nebraska, the Dakotas and the Canadian border west to the Pacific Coast; in Canada, central and southern Saskatchewan, Alberta and Manitoba.",SOURCE_FOUND,
species:checkered-gartersnake,Checkered gartersnake,,Thamnophis marcianus,Thamnophis,marcianus,Colubridae,Squamata,species_group:snakes,source:itis-taxonomy,NATIVE,"Southwestern California, southwestern Arizona and southern New Mexico in the United States (abundant along the Gila and Colorado rivers), plus Mexico and Central America per Animal Diversity Web. Not in Canada.",SOURCE_FOUND,
species:northwestern-gartersnake,Northwestern gartersnake,Couleuvre du Nord-Ouest,Thamnophis ordinoides,Thamnophis,ordinoides,Colubridae,Squamata,species_group:snakes,source:itis-taxonomy,NATIVE,"Northern half of Humboldt County, California north through Oregon and Washington, east to the Cascades and west to the Pacific, and in Canada in southwestern British Columbia (Vancouver Island, Vancouver, north to Bella Coola).",SOURCE_FOUND,
species:plains-gartersnake,Plains gartersnake,Couleuvre des plaines,Thamnophis radix,Thamnophis,radix,Colubridae,Squamata,species_group:snakes,source:itis-taxonomy,NATIVE,"Great Plains from the Oklahoma panhandle, northern Texas and northeastern New Mexico north to southern Alberta, Saskatchewan and Manitoba, and east through Minnesota, Wisconsin and Indiana.",SOURCE_FOUND,
species:common-gartersnake,Common gartersnake,Couleuvre rayée,Thamnophis sirtalis,Thamnophis,sirtalis,Colubridae,Squamata,species_group:snakes,source:itis-taxonomy,NATIVE,"Across much of North America from Florida to coastal Quebec and west to British Columbia, south into southern California east of the Sierras and through the less arid Southwest (largely absent from the arid southwestern United States).",SOURCE_FOUND,
species:sonoran-lyresnake,Sonoran lyresnake,,Trimorphodon lambda,Trimorphodon,lambda,Colubridae,Squamata,species_group:snakes,source:itis-taxonomy,NATIVE,"Southern Nevada (Nye County) and extreme southwestern Utah south through most of Arizona (except the northeast), southwestern New Mexico and southeastern California east of the Salton Trough to Sonora, western Chihuahua and northern Sinaloa. Not in Canada.",SOURCE_FOUND,
species:california-lyresnake,California lyresnake,,Trimorphodon lyrophanes,Trimorphodon,lyrophanes,Colubridae,Squamata,species_group:snakes,source:itis-taxonomy,NATIVE,Southern California generally west of the Salton Trough (north to near Los Angeles on the coast and in the Mojave Desert to the Argus and Amargosa mountains) south through most of the Baja California peninsula and several Gulf of California islands.,SOURCE_FOUND,
species:long-tailed-brush-lizard,Long-tailed brush lizard,,Urosaurus graciosus,Urosaurus,graciosus,Phrynosomatidae,Squamata,species_group:lizards,source:itis-taxonomy,NATIVE,"Southern Nevada south into northeastern Baja California and northwestern Sonora, and from southeastern California east to northwestern and south-central Arizona. Not in Canada.",SOURCE_FOUND,
species:baja-california-brush-lizard,Baja California brush lizard,,Urosaurus nigricaudus,Urosaurus,nigricaudus,Phrynosomatidae,Squamata,species_group:lizards,source:itis-taxonomy,NATIVE,"Extreme southern California (mountains of San Diego County north nearly to the Riverside County line) into Baja California, per the California account that treats U. microscutatus as part of this species.",SOURCE_FOUND,
species:ornate-tree-lizard,Ornate tree lizard,,Urosaurus ornatus,Urosaurus,ornatus,Phrynosomatidae,Squamata,species_group:lizards,source:itis-taxonomy,NATIVE,"Southwestern United States and northern Mexico: southeastern California, southern Nevada, Utah, western Colorado, Arizona, New Mexico and southwest/central Texas, south to Sonora, Sinaloa, Chihuahua and Coahuila. Not in Canada.",SOURCE_FOUND,
species:common-side-blotched-lizard,Common side-blotched lizard,,Uta stansburiana,Uta,stansburiana,Phrynosomatidae,Squamata,species_group:lizards,source:itis-taxonomy,NATIVE,"Arid western North America: central Washington and eastern Oregon south through the Great Basin, Nevada, Utah, Arizona and New Mexico to western Texas, plus central and southern California (north to San Francisco), Baja California and islands off the Pacific and Gulf of California coasts. Not in Canada.",SOURCE_FOUND,
species:desert-night-lizard,Desert night lizard,,Xantusia vigilis,Xantusia,vigilis,Xantusiidae,Squamata,species_group:lizards,source:itis-taxonomy,NATIVE,"Southern Utah, western Arizona, southern Nevada and southern California south to southwestern Sonora and Baja California. Not in Canada.",SOURCE_FOUND,
species:appalachian-cottontail,Appalachian cottontail,,Sylvilagus obscurus,Sylvilagus,obscurus,Leporidae,Lagomorpha,species_group:hares-rabbits,source:itis-taxonomy,NATIVE,"Appalachian Mountains from the Hudson River in New York to northern Alabama; NatureServe lists Pennsylvania, Maryland, Virginia, West Virginia, Kentucky, Tennessee, North and South Carolina, Georgia and Alabama. Not recorded for Canada.",SOURCE_FOUND,
species:antelope-jackrabbit,Antelope jackrabbit,,Lepus alleni,Lepus,alleni,Leporidae,Lagomorpha,species_group:hares-rabbits,source:itis-taxonomy,NATIVE,"Southern Arizona through western Mexico to northern Nayarit, and Tiburon Island; sea level to about 1,500 m in Arizona.",SOURCE_FOUND,undefined
species:northern-cricket-frog,Northern cricket frog,Rainette grillon,Acris crepitans,Acris,crepitans,Hylidae,Anura,species_group:frogs,source:itis-taxonomy,NATIVE,"NatureServe lists it in the eastern US from New York and Pennsylvania south to Florida, Alabama, Mississippi and Louisiana; it is not recorded for Canada in that source.",SOURCE_FOUND,
species:southern-cricket-frog,Southern cricket frog,,Acris gryllus,Acris,gryllus,Hylidae,Anura,species_group:frogs,source:itis-taxonomy,NATIVE,"NatureServe lists it in the southeastern US: Virginia, North and South Carolina, Georgia, Florida, Tennessee, Alabama, Mississippi and Louisiana.",SOURCE_FOUND,
species:cottonmouth,Cottonmouth,,Agkistrodon piscivorus,Agkistrodon,piscivorus,Viperidae,Squamata,species_group:snakes,source:itis-taxonomy,NATIVE,"NatureServe lists the species in Virginia, North and South Carolina, Georgia, Kentucky, Tennessee, Alabama, Mississippi, Louisiana, Arkansas, Missouri, Illinois, Indiana, Kansas, Oklahoma and Texas; Florida populations are assigned to A. conanti in that source.",SOURCE_FOUND,
species:spotted-salamander,Spotted salamander,Salamandre maculée,Ambystoma maculatum,Ambystoma,maculatum,Ambystomatidae,Caudata,species_group:salamanders,source:itis-taxonomy,NATIVE,"NatureServe lists it in New Brunswick, Nova Scotia, Ontario, Prince Edward Island and Québec, and in the eastern and central US from New England and Minnesota south to Georgia, Alabama, Mississippi, Louisiana and Texas.",SOURCE_FOUND,
species:marbled-salamander,Marbled salamander,,Ambystoma opacum,Ambystoma,opacum,Ambystomatidae,Caudata,species_group:salamanders,source:itis-taxonomy,NATIVE,"NatureServe lists it across the eastern US from New Hampshire and Massachusetts west to Wisconsin, Missouri and Texas and south to Florida; it is not recorded for Canada in that source.",SOURCE_FOUND,
species:mole-salamander,Mole salamander,,Ambystoma talpoideum,Ambystoma,talpoideum,Ambystomatidae,Caudata,species_group:salamanders,source:itis-taxonomy,NATIVE,"NatureServe lists it in the southeastern and south-central US (Virginia and the Carolinas to Florida, west to Texas and north to Illinois, Indiana, Missouri and Kentucky); not recorded for Canada.",SOURCE_FOUND,
species:smallmouth-salamander,Smallmouth salamander,Salamandre à nez court,Ambystoma texanum,Ambystoma,texanum,Ambystomatidae,Caudata,species_group:salamanders,source:itis-taxonomy,NATIVE,"NatureServe lists it in the central US (Iowa, Illinois, Indiana, Michigan, Ohio, Kentucky, Tennessee and the states south to Mississippi, Louisiana and Texas, and west to Nebraska, Kansas and Oklahoma) and in Ontario.",SOURCE_FOUND,
species:two-toed-amphiuma,Two-toed amphiuma,,Amphiuma means,Amphiuma,means,Amphiumidae,Caudata,species_group:salamanders,source:itis-taxonomy,NATIVE,"NatureServe lists it in the southeastern US coastal plain: Virginia, North and South Carolina, Georgia, Florida, Alabama, Mississippi and Louisiana.",SOURCE_FOUND,
species:three-toed-amphiuma,Three-toed amphiuma,,Amphiuma tridactylum,Amphiuma,tridactylum,Amphiumidae,Caudata,species_group:salamanders,source:itis-taxonomy,NATIVE,"NatureServe lists it in the central and lower Mississippi valley region: Missouri, Kentucky, Tennessee, Arkansas, Oklahoma, Texas, Louisiana, Mississippi and Alabama.",SOURCE_FOUND,
species:american-toad,American toad,Crapaud d'Amérique,Anaxyrus americanus,Anaxyrus,americanus,Bufonidae,Anura,species_group:frogs,source:itis-taxonomy,NATIVE,"NatureServe lists it across eastern and central North America: Labrador, Manitoba, New Brunswick, Nova Scotia, Nunavut, Ontario, Prince Edward Island and Québec, and most of the eastern and central US; Newfoundland is listed as introduced.",SOURCE_FOUND,
species:fowlers-toad,Fowler's toad,Crapaud de Fowler,Anaxyrus fowleri,Anaxyrus,fowleri,Bufonidae,Anura,species_group:frogs,source:itis-taxonomy,NATIVE,"NatureServe lists it in southern Ontario and across the eastern US from New England and Michigan south to Florida and west to Iowa, Kansas, Oklahoma and Texas.",SOURCE_FOUND,
species:oak-toad,Oak toad,,Anaxyrus quercicus,Anaxyrus,quercicus,Bufonidae,Anura,species_group:frogs,source:itis-taxonomy,NATIVE,"NatureServe lists it in the southeastern coastal plain: Virginia, North and South Carolina, Georgia, Florida, Alabama, Mississippi and Louisiana.",SOURCE_FOUND,
species:southern-toad,Southern toad,,Anaxyrus terrestris,Anaxyrus,terrestris,Bufonidae,Anura,species_group:frogs,source:itis-taxonomy,NATIVE,"NatureServe lists it in the southeastern US: Virginia, North and South Carolina, Georgia, Florida, Alabama, Mississippi and Louisiana.",SOURCE_FOUND,
species:green-anole,Green anole,,Anolis carolinensis,Anolis,carolinensis,Polychrotidae,Squamata,species_group:lizards,source:itis-taxonomy,NATIVE,"NatureServe lists it in the southeastern US (North Carolina to Florida, west to Oklahoma and Texas, north to Tennessee and Arkansas); Hawaii is listed as introduced.",SOURCE_FOUND,
species:smooth-softshell-turtle,Smooth softshell turtle,,Apalone mutica,Apalone,mutica,Trionychidae,Testudines,species_group:turtles,source:itis-taxonomy,NATIVE,"Native across the central and south-central US (NatureServe lists Pennsylvania, the Midwest and Great Plains south to Texas, New Mexico and Florida); introduced in France (ADW). Not recorded for Canada in NatureServe.",SOURCE_FOUND,
species:six-lined-racerunner,Six-lined racerunner,,Aspidoscelis sexlineatus,Aspidoscelis,sexlineatus,Teiidae,Squamata,species_group:lizards,source:itis-taxonomy,NATIVE,"NatureServe lists it across the central and southeastern US, from Maryland, Michigan, Wisconsin and Wyoming south to Florida, Texas and New Mexico; it is not recorded for Canada.",SOURCE_FOUND,
species:worm-snake,Worm snake,,Carphophis amoenus,Carphophis,amoenus,Colubridae,Squamata,species_group:snakes,source:itis-taxonomy,NATIVE,"Eastern US from southern Massachusetts and Rhode Island, through Connecticut and southeastern New York, New Jersey and Pennsylvania, to northwestern Georgia and Alabama and west to the Mississippi River; not recorded for Canada.",SOURCE_FOUND,
species:scarlet-snake,Scarlet snake,,Cemophora coccinea,Cemophora,coccinea,Colubridae,Squamata,species_group:snakes,source:itis-taxonomy,NATIVE,"NatureServe lists it in the southeastern and south-central US, from New Jersey and Indiana south to Florida and west to Missouri, Oklahoma and Texas; Texas populations in SREL's account are a separate species (C. lineri). Not recorded for Canada.",SOURCE_FOUND,
species:ocellated-skink,Ocellated skink,,Chalcides ocellatus,Chalcides,ocellatus,Scincidae,Squamata,species_group:lizards,source:itis-taxonomy,INTRODUCED,"Native from Italy across the Mediterranean and Middle East to Pakistan and North Africa; introduced and established in Mesa, Arizona (first confirmed 2007) and reported established in Florida, Britain and France. NatureServe lists only Arizona as exotic for the US.",SOURCE_FOUND,
species:southern-painted-turtle,Southern painted turtle,,Chrysemys dorsalis,Chrysemys,dorsalis,Emydidae,Testudines,species_group:turtles,source:itis-taxonomy,NATIVE,"Central Mississippi valley to the Gulf: NatureServe lists Illinois, Missouri, Kentucky, Tennessee, Arkansas, Oklahoma, Texas, Louisiana, Mississippi and Alabama; not recorded for Canada.",SOURCE_FOUND,
species:barking-frog,Barking frog,,Craugastor augusti,Craugastor,augusti,Craugastoridae,Anura,species_group:frogs,source:itis-taxonomy,NATIVE,"Central Texas to southeastern New Mexico and south into Mexico; NatureServe lists Arizona, New Mexico and Texas. Not recorded for Canada.",SOURCE_FOUND,
species:eastern-diamondback-rattlesnake,Eastern diamondback rattlesnake,,Crotalus adamanteus,Crotalus,adamanteus,Viperidae,Squamata,species_group:snakes,source:itis-taxonomy,NATIVE,"Southeastern coastal plain: NatureServe lists North and South Carolina, Georgia, Florida, Alabama, Mississippi and Louisiana; not recorded for Canada.",SOURCE_FOUND,
species:hellbender,Hellbender,,Cryptobranchus alleganiensis,Cryptobranchus,alleganiensis,Cryptobranchidae,Caudata,species_group:salamanders,source:itis-taxonomy,NATIVE,"Eastern and central US: NatureServe lists New York, Pennsylvania, Maryland, Ohio, Indiana, Illinois, Missouri, Arkansas, Kentucky, West Virginia, Virginia, North Carolina, Tennessee, Georgia, Alabama and Mississippi; not recorded for Canada.",SOURCE_FOUND,
species:rough-tailed-gecko,Rough-tailed gecko,,Cyrtopodion scabrum,Cyrtopodion,scabrum,Gekkonidae,Squamata,species_group:lizards,source:itis-taxonomy,INTRODUCED,"Native from Egypt and the Middle East to western India; established through introduction in Texas (Galveston shipping docks), Arizona, California and Nevada (Center for North American Herpetology, citing SSAR); NatureServe lists Arizona and Texas as exotic.",SOURCE_FOUND,
species:chicken-turtle,Chicken turtle,,Deirochelys reticularia,Deirochelys,reticularia,Emydidae,Testudines,species_group:turtles,source:itis-taxonomy,NATIVE,"Southeastern and south-central US coastal plain; NatureServe lists Virginia, North and South Carolina, Georgia, Florida, Alabama, Mississippi, Louisiana, Arkansas, Missouri, Oklahoma and Texas; not recorded for Canada.",SOURCE_FOUND,
species:southern-dusky-salamander,Southern dusky salamander,,Desmognathus auriculatus,Desmognathus,auriculatus,Plethodontidae,Caudata,species_group:salamanders,source:itis-taxonomy,NATIVE,Atlantic and Gulf coastal plain: Virginia (to mid Mecklenburg County) and the North Carolina coastal plain per state agencies; NatureServe's narrower concept lists only Alabama and Florida. Not recorded for Canada.,SOURCE_FOUND,
species:spotted-dusky-salamander,Spotted dusky salamander,,Desmognathus conanti,Desmognathus,conanti,Plethodontidae,Caudata,species_group:salamanders,source:itis-taxonomy,NATIVE,"Lowland drainages east of the Mississippi River, from extreme southern Illinois and southwestern Kentucky to east-central Tennessee and northwest Georgia, south to the Florida Panhandle and west through Alabama and Louisiana. Not in Canada.",SOURCE_FOUND,
species:northern-dusky-salamander,Northern dusky salamander,Salamandre sombre du Nord,Desmognathus fuscus,Desmognathus,fuscus,Plethodontidae,Caudata,species_group:salamanders,source:itis-taxonomy,NATIVE,"Northeastern North America from southern New Brunswick and southern Quebec (and southeastern Ontario) south along the East Coast to North Carolina and west to Ohio, southern Indiana, Kentucky and Tennessee. Populations in southeastern Illinois and eastern Michigan are considered introduced.",SOURCE_FOUND,
species:seal-salamander,Seal salamander,,Desmognathus monticola,Desmognathus,monticola,Plethodontidae,Caudata,species_group:salamanders,source:itis-taxonomy,NATIVE,"Endemic to the eastern United States: from southwestern Pennsylvania southwest in the uplands through West Virginia, western Maryland, Virginia, eastern Kentucky, western North Carolina, eastern Tennessee, western South Carolina and northern Georgia. Not north or west of the Ohio River in the north. Not in Canada.",SOURCE_FOUND,
species:allegheny-dusky-salamander,Allegheny dusky salamander,Salamandre sombre des montagnes,Desmognathus ochrophaeus,Desmognathus,ochrophaeus,Plethodontidae,Caudata,species_group:salamanders,source:itis-taxonomy,NATIVE,"Ridge and Valley ridges of southwestern Virginia, the Cumberland Mountains and Plateau, and the Allegheny Mountains and Plateau from West Virginia north through Maryland, Pennsylvania, Ohio and New York, including the Adirondacks, to southern Quebec and southern Ontario.",SOURCE_FOUND,
species:black-mountain-salamander,Black Mountain salamander,,Desmognathus welteri,Desmognathus,welteri,Plethodontidae,Caudata,species_group:salamanders,source:itis-taxonomy,NATIVE,"Eastern Kentucky, adjacent southwestern Virginia, southern West Virginia and eastern Tennessee (Cumberland Plateau and Mountains). Not in Canada.",SOURCE_FOUND,
species:northern-two-lined-salamander,Northern two-lined salamander,Salamandre à deux lignes,Eurycea bislineata,Eurycea,bislineata,Plethodontidae,Caudata,species_group:salamanders,source:itis-taxonomy,NATIVE,"Southern Quebec and eastern Ontario south to northern Virginia, eastern West Virginia and central Ohio, with isolated populations in southern Labrador.",SOURCE_FOUND,
species:two-lined-salamander,Two-lined salamander,,Eurycea cirrigera,Eurycea,cirrigera,Plethodontidae,Caudata,species_group:salamanders,source:itis-taxonomy,NATIVE,"Illinois, Indiana, southern Ohio, western West Virginia and central Virginia south to northern Florida, southern Alabama, southern Mississippi and southeastern Louisiana. Not in Canada.",SOURCE_FOUND,
species:three-lined-salamander,Three-lined salamander,,Eurycea guttolineata,Eurycea,guttolineata,Plethodontidae,Caudata,species_group:salamanders,source:itis-taxonomy,NATIVE,"Virginia and Tennessee south through the Carolinas, Georgia, Alabama and Mississippi to the Gulf Coast, including eastern Louisiana and western Florida; absent from southern Georgia, most of peninsular Florida and high Appalachian elevations. Not in Canada.",SOURCE_FOUND,
species:longtail-salamander,Longtail salamander,,Eurycea longicauda,Eurycea,longicauda,Plethodontidae,Caudata,species_group:salamanders,source:itis-taxonomy,NATIVE,"Southern New York to Missouri, south to Arkansas, Tennessee, extreme northeastern Mississippi, northern Alabama, extreme northwestern Georgia, western North Carolina and northwestern Virginia. Not in Canada.",SOURCE_FOUND,
species:dwarf-salamander,Dwarf salamander,,Eurycea quadridigitata,Eurycea,quadridigitata,Plethodontidae,Caudata,species_group:salamanders,source:itis-taxonomy,NATIVE,"Coastal Plain from North Carolina to Lake Okeechobee, Florida, and west to eastern Texas. Not in Canada.",SOURCE_FOUND,
species:mud-snake,Mud snake,,Farancia abacura,Farancia,abacura,Colubridae,Squamata,species_group:snakes,source:itis-taxonomy,NATIVE,"Coastal Plain from southeastern Virginia to southern Florida, west to eastern Texas and north in the Mississippi Valley to southern Illinois. Not in Canada.",SOURCE_FOUND,
species:narrowmouth-frog,Narrowmouth frog,,Gastrophryne carolinensis,Gastrophryne,carolinensis,Microhylidae,Anura,species_group:frogs,source:itis-taxonomy,NATIVE,"Southern Maryland to southeastern Kansas and south to the Florida Keys, Gulf Coast and eastern Texas, with scattered disjunct northern and western populations. Introduced on the Bahamas and Grand Cayman. Not in Canada.",SOURCE_FOUND,
species:common-map-turtle,Common map turtle,Tortue géographique,Graptemys geographica,Graptemys,geographica,Emydidae,Testudines,species_group:turtles,source:itis-taxonomy,NATIVE,"Southwestern Quebec, southern Ontario and northwestern Vermont to central Minnesota, south through the Mississippi drainage to Arkansas, northern Alabama and eastern Tennessee, west to eastern Kansas; Ohio River drainage; isolated populations in the Delaware, Susquehanna and Hudson drainages.",SOURCE_FOUND,
species:pascagoula-map-turtle,Pascagoula map turtle,,Graptemys gibbonsi,Graptemys,gibbonsi,Emydidae,Testudines,species_group:turtles,source:itis-taxonomy,NATIVE,"Endemic to the Pascagoula River drainage in Mississippi (Pascagoula, Leaf and Chickasawhay rivers and tributaries). Not in Canada.",SOURCE_FOUND,
species:ouachita-map-turtle,Ouachita map turtle,,Graptemys ouachitensis,Graptemys,ouachitensis,Emydidae,Testudines,species_group:turtles,source:itis-taxonomy,NATIVE,"Mississippi and St. Croix river basins from Minnesota and Wisconsin south through Louisiana, west to eastern Kansas, Oklahoma and eastern Texas, east into Indiana, Ohio and Kentucky. Not in Canada.",SOURCE_FOUND,
species:mississippi-map-turtle,Mississippi map turtle,,Graptemys pseudogeographica,Graptemys,pseudogeographica,Emydidae,Testudines,species_group:turtles,source:itis-taxonomy,NATIVE,"Mississippi and Missouri river basins from northern and central Wisconsin and Minnesota south through Louisiana and eastern Texas, west along the Missouri into North Dakota, east to western Tennessee, western Kentucky, Indiana and central Ohio. Introduced in southeastern Virginia. Not in Canada.",SOURCE_FOUND,
species:alabama-map-turtle,Alabama map turtle,,Graptemys pulchra,Graptemys,pulchra,Emydidae,Testudines,species_group:turtles,source:itis-taxonomy,NATIVE,"Mobile Bay drainage: eastern Mississippi, throughout Alabama and northwestern Georgia. Not in Canada.",SOURCE_FOUND,
species:kentucky-spring-salamander,Kentucky spring salamander,Salamandre pourpre,Gyrinophilus porphyriticus,Gyrinophilus,porphyriticus,Plethodontidae,Caudata,species_group:salamanders,source:itis-taxonomy,NATIVE,"Southern Quebec and southern Maine south through the Appalachians to northern Georgia, Alabama and northeastern Mississippi.",SOURCE_FOUND,
species:four-toed-salamander,Four-toed salamander,Salamandre à quatre doigts,Hemidactylium scutatum,Hemidactylium,scutatum,Plethodontidae,Caudata,species_group:salamanders,source:itis-taxonomy,NATIVE,"Discontinuously from Nova Scotia, New Brunswick, southern Quebec and southern Ontario through Michigan, Wisconsin and Minnesota south to southeastern Oklahoma, Louisiana, Mississippi, Alabama, the Florida panhandle and Georgia; fairly continuous in the northeast, spotty in the southwest.",SOURCE_FOUND,
species:eastern-hognose-snake,Eastern hognose snake,Couleuvre à nez plat,Heterodon platirhinos,Heterodon,platirhinos,Colubridae,Squamata,species_group:snakes,source:itis-taxonomy,NATIVE,"Southern New England and southern Ontario to Minnesota and South Dakota, south to southern Texas, the Gulf Coast and southern Florida.",SOURCE_FOUND,
species:bird-voiced-treefrog,Bird-voiced treefrog,,Hyla avivoca,Hyla,avivoca,Hylidae,Anura,species_group:frogs,source:itis-taxonomy,NATIVE,"Southern Illinois and western Kentucky to the Gulf Coast from Louisiana to the Florida Panhandle, eastern Georgia and adjacent South Carolina, with disjunct populations in Louisiana, Arkansas and southeastern Oklahoma. Not in Canada.",SOURCE_FOUND,
species:copes-gray-treefrog,Cope's gray treefrog,Rainette criarde,Hyla chrysoscelis,Hyla,chrysoscelis,Hylidae,Anura,species_group:frogs,source:itis-taxonomy,NATIVE,"South-central and southeastern US and areas west of the Great Lakes, from Manitoba, Minnesota, Wisconsin, Michigan, southern Ohio, West Virginia and Maryland south to eastern Texas, the Gulf Coast and northern Florida; exact boundary with gray treefrog is not precisely known.",SOURCE_FOUND,
species:green-treefrog,Green treefrog,,Hyla cinerea,Hyla,cinerea,Hylidae,Anura,species_group:frogs,source:itis-taxonomy,NATIVE,"Coastal Plain from Delaware to southern Florida and west to south-central Texas; north to southeastern Oklahoma, southeastern Missouri, southern Illinois and Indiana, western Kentucky and Tennessee and northern Alabama. Introduced in south-central Missouri, northwestern Puerto Rico and Brownsville, Texas. Not in Canada.",SOURCE_FOUND,
species:pine-woods-treefrog,Pine woods treefrog,,Hyla femoralis,Hyla,femoralis,Hylidae,Anura,species_group:frogs,source:itis-taxonomy,NATIVE,Atlantic and Gulf Coastal Plains from southern Virginia to eastern Louisiana and south to southern Florida. Not in Canada.,SOURCE_FOUND,
species:barking-treefrog,Barking treefrog,,Hyla gratiosa,Hyla,gratiosa,Hylidae,Anura,species_group:frogs,source:itis-taxonomy,NATIVE,"Coastal Plain and some uplands from North Carolina to southern Florida and west to Louisiana, including northern Mississippi; disjunct populations in Delaware and Maryland, southwestern Kentucky and Tennessee and southeastern Virginia; introduced and probably extirpated in southern New Jersey. Not in Canada.",SOURCE_FOUND,
species:squirrel-treefrog,Squirrel treefrog,,Hyla squirella,Hyla,squirella,Hylidae,Anura,species_group:frogs,source:itis-taxonomy,NATIVE,Coastal Plain and Mississippi Valley from southern Texas and southern Arkansas to southeastern Virginia and Florida; introduced on Grand Bahama. Not in Canada.,SOURCE_FOUND,
species:gray-treefrog,Gray treefrog,Rainette versicolore,Hyla versicolor,Hyla,versicolor,Hylidae,Anura,species_group:frogs,source:itis-taxonomy,NATIVE,"Southeastern Canada from southern Manitoba to New Brunswick, south through the northeastern and south-central US to North Carolina, West Virginia, Ohio, Indiana, Kentucky, Illinois, Tennessee, eastern Texas and southwestern Louisiana, west to North Dakota, Minnesota, Iowa, eastern Kansas and eastern Oklahoma.",SOURCE_FOUND,
species:gulf-coast-toad,Gulf Coast toad,,Incilius nebulifer,Incilius,nebulifer,Bufonidae,Anura,species_group:frogs,source:itis-taxonomy,NATIVE,"Southern Arkansas, southern Mississippi, Louisiana and central Texas in the United States, south to Veracruz, Mexico.",SOURCE_FOUND,
species:arizona-mud-turtle,Arizona mud turtle,,Kinosternon arizonense,Kinosternon,arizonense,Kinosternidae,Testudines,species_group:turtles,source:itis-taxonomy,NATIVE,"Arizona in the United States (NatureServe lists AZ only) and Sonora, Mexico.",SOURCE_FOUND,
species:yellow-mud-turtle,Yellow mud turtle,,Kinosternon flavescens,Kinosternon,flavescens,Kinosternidae,Testudines,species_group:turtles,source:itis-taxonomy,NATIVE,"South-central United States from Nebraska to southeastern Arizona, with an isolated population in Illinois-Iowa-Missouri; also northern Mexico.",SOURCE_FOUND,
species:sonora-mud-turtle,Sonora mud turtle,,Kinosternon sonoriense,Kinosternon,sonoriense,Kinosternidae,Testudines,species_group:turtles,source:itis-taxonomy,NATIVE,"Southern and central Arizona and southwestern New Mexico (Catron, Grant, Hidalgo counties), south into Sonora and Chihuahua, Mexico; considered extirpated from California.",SOURCE_FOUND,
species:eastern-mud-turtle,Eastern mud turtle,,Kinosternon subrubrum,Kinosternon,subrubrum,Kinosternidae,Testudines,species_group:turtles,source:itis-taxonomy,NATIVE,"Eastern United States from Long Island, New York south to the Florida Panhandle, west along the Gulf Coast to eastern Texas and north to southern Illinois and Indiana; disjunct population in northwestern Indiana.",SOURCE_FOUND,
species:prairie-kingsnake,Prairie kingsnake,,Lampropeltis calligaster,Lampropeltis,calligaster,Colubridae,Squamata,species_group:snakes,source:itis-taxonomy,NATIVE,"Populations west of the Mississippi River across the plains states and east across the Mississippi embayment to Illinois, Indiana, Kentucky, western Tennessee and northern Mississippi (NatureServe); the wider group reaches Maryland and Florida.",SOURCE_FOUND,
species:black-kingsnake,Black kingsnake,,Lampropeltis getula,Lampropeltis,getula,Colubridae,Squamata,species_group:snakes,source:itis-taxonomy,NATIVE,"Eastern West Virginia, Maryland, Delaware and southern New Jersey south through the southeastern United States to southern Alabama.",SOURCE_FOUND,
species:madrean-mountain-kingsnake,Madrean mountain kingsnake,,Lampropeltis knoblochi,Lampropeltis,knoblochi,Colubridae,Squamata,species_group:snakes,source:itis-taxonomy,NATIVE,"Sierra Madre Occidental in eastern Sonora and western Chihuahua, north to the Madrean Sky Islands of southern Arizona and southwestern New Mexico.",SOURCE_FOUND,
species:scarlet-kingsnake,Scarlet kingsnake,,Lampropeltis elapsoides,Lampropeltis,elapsoides,Colubridae,Squamata,species_group:snakes,source:itis-taxonomy,NATIVE,"Southeastern Virginia and the Coastal Plain of the Carolinas south through Georgia to southern Florida and west to eastern Louisiana, Tennessee and Kentucky.",SOURCE_FOUND,
species:milksnake,Milksnake,Couleuvre tachetée,Lampropeltis triangulum,Lampropeltis,triangulum,Colubridae,Squamata,species_group:snakes,source:itis-taxonomy,NATIVE,"Southern Minnesota, Michigan, southern Ontario, southern Quebec and southern Maine south to North Carolina and northern Alabama and Georgia; also Mississippi and northeastern Louisiana.",SOURCE_FOUND,
species:three-lined-boa,Three-lined boa,,Lichanura trivirgata,Lichanura,trivirgata,Boidae,Squamata,species_group:snakes,source:itis-taxonomy,NATIVE,"Extreme southern San Diego County (Tijuana and Otay watersheds), the Baja California peninsula and islands, Sonora, and isolated mountain ranges of western Arizona south of the Gila River (Maricopa, Pima, Pinal counties); sea level to 2,070 m.",SOURCE_FOUND,
species:northern-crawfish-frog,Northern crawfish frog,,Lithobates areolatus,Lithobates,areolatus,Ranidae,Anura,species_group:frogs,source:itis-taxonomy,NATIVE,"Northern Mississippi, northern Louisiana and eastern Texas north through Oklahoma, Arkansas, western Tennessee and Kentucky to eastern Kansas, southern Illinois and Indiana (formerly southern Iowa).",SOURCE_FOUND,
species:pig-frog,Pig frog,,Lithobates grylio,Lithobates,grylio,Ranidae,Anura,species_group:frogs,source:itis-taxonomy,NATIVE,Southern South Carolina to southern Florida and west to southeastern Texas; introduced in the Bahamas and northern Puerto Rico.,SOURCE_FOUND,
species:river-frog,River frog,,Lithobates heckscheri,Lithobates,heckscheri,Ranidae,Anura,species_group:frogs,source:itis-taxonomy,NATIVE,"Coastal Plain from southern North Carolina (at least formerly) to northern Florida and west to southeastern Mississippi; most of the range is in northern Florida, southern Georgia and southern South Carolina.",SOURCE_FOUND,
species:pickerel-frog,Pickerel frog,Grenouille des marais,Lithobates palustris,Lithobates,palustris,Ranidae,Anura,species_group:frogs,source:itis-taxonomy,NATIVE,"Gaspe Peninsula of Quebec and New Brunswick/Nova Scotia west to Wisconsin and Missouri, south to South Carolina, northern Georgia, southern Mississippi and southeastern Texas; largely absent from Florida and southern Georgia.",SOURCE_FOUND,
species:wood-frog,Wood frog,Grenouille des bois,Lithobates sylvaticus,Lithobates,sylvaticus,Ranidae,Anura,species_group:frogs,source:itis-taxonomy,NATIVE,"Northern Alaska across boreal Canada to Labrador and south to New Jersey, northern Georgia and northern Idaho, with spotty distribution south to northern Colorado and disjunct populations in Arkansas-Missouri; extends farther north than any other North American amphibian.",SOURCE_FOUND,
species:alligator-snapping-turtle,Alligator snapping turtle,,Macrochelys temminckii,Macrochelys,temminckii,Chelydridae,Testudines,species_group:turtles,source:itis-taxonomy,NATIVE,"Mississippi and Mobile drainage basins and the Gulf Coast from eastern Texas to the Florida panhandle, north to southeastern Kansas, southeastern Iowa, Illinois and southern Indiana; very rare in Kentucky and possibly extirpated in Indiana and Iowa.",SOURCE_FOUND,
species:diamond-backed-terrapin,Diamond-backed terrapin,,Malaclemys terrapin,Malaclemys,terrapin,Emydidae,Testudines,species_group:turtles,source:itis-taxonomy,NATIVE,Atlantic and Gulf coasts from Cape Cod to Texas.,SOURCE_FOUND,
species:eastern-coral-snake,Eastern coral snake,,Micrurus fulvius,Micrurus,fulvius,Elapidae,Squamata,species_group:snakes,source:itis-taxonomy,NATIVE,"Southeastern North Carolina to southern Florida and west to southeastern Louisiana, disjunctly north to central Alabama.",SOURCE_FOUND,
species:gulf-coast-waterdog,Gulf Coast waterdog,,Necturus beyeri,Necturus,beyeri,Proteidae,Caudata,species_group:salamanders,source:itis-taxonomy,NATIVE,Gulf Coast drainages: western lineage from west-central Louisiana to northeastern and eastern Texas; other lineages from southeastern Louisiana to northeastern Mississippi and Alabama (Mobile Bay drainage).,SOURCE_FOUND,
species:red-river-waterdog,Red River waterdog,,Necturus louisianensis,Necturus,louisianensis,Proteidae,Caudata,species_group:salamanders,source:itis-taxonomy,NATIVE,"Northern Louisiana north to Arkansas, eastern Oklahoma, southern Missouri and southeastern Kansas.",SOURCE_FOUND,
species:mudpuppy,Mudpuppy,Necture tacheté,Necturus maculosus,Necturus,maculosus,Proteidae,Caudata,species_group:salamanders,source:itis-taxonomy,NATIVE,"Southeastern Manitoba east to southern Quebec, south to Rhode Island, Massachusetts, Connecticut, New York, northern Kentucky, southern Illinois, central Missouri and south-central Kansas.",SOURCE_FOUND,
species:gulf-salt-marsh-snake,Gulf salt marsh snake,,Nerodia clarkii,Nerodia,clarkii,Colubridae,Squamata,species_group:snakes,source:itis-taxonomy,NATIVE,"Brackish coasts of the northern Gulf of Mexico from near Corpus Christi, Texas to Florida (including the Keys) and the Atlantic coast of northern Florida to Volusia County; also northern Cuba.",SOURCE_FOUND,
species:green-water-snake,Green water snake,,Nerodia cyclopion,Nerodia,cyclopion,Colubridae,Squamata,species_group:snakes,source:itis-taxonomy,NATIVE,Coastal Plain from extreme western Florida and southern Alabama to southeastern Texas and north in the Mississippi Valley to southeastern Missouri and southern Illinois.,SOURCE_FOUND,
species:plainbelly-water-snake,Plainbelly water snake,,Nerodia erythrogaster,Nerodia,erythrogaster,Colubridae,Squamata,species_group:snakes,source:itis-taxonomy,NATIVE,"Southern Delaware and southeastern Maryland to northern Florida, west through Georgia and Alabama to southeastern New Mexico and western Texas, north to northeastern Kansas, western Missouri, central Illinois and southern Indiana; disjunct populations in Ohio, Michigan, Indiana, Iowa and Illinois.",SOURCE_FOUND,
species:banded-watersnake,Banded watersnake,,Nerodia fasciata,Nerodia,fasciata,Colubridae,Squamata,species_group:snakes,source:itis-taxonomy,NATIVE,"Southeastern United States: eastern Texas, southeastern Oklahoma, Arkansas, Louisiana, southeastern Missouri, western Tennessee, Mississippi, southern Alabama and Georgia, Florida and the Coastal Plain of the Carolinas. Not in Canada.",SOURCE_FOUND,
species:diamondback-water-snake,Diamondback water snake,,Nerodia rhombifer,Nerodia,rhombifer,Colubridae,Squamata,species_group:snakes,source:itis-taxonomy,NATIVE,"Concentrated in the Mississippi River drainage, north to southern Illinois and Indiana, west to Texas and Oklahoma (and Mexico), east into Alabama. Not in Canada.",SOURCE_FOUND,
species:northern-water-snake,Northern water snake,Couleuvre d'eau,Nerodia sipedon,Nerodia,sipedon,Colubridae,Squamata,species_group:snakes,source:itis-taxonomy,NATIVE,"Southern Ontario and the northeastern United States, from Nebraska and Kansas east to the Atlantic coast and south to North Carolina and southern Missouri.",SOURCE_FOUND,
species:eastern-newt,Eastern newt,Triton vert,Notophthalmus viridescens,Notophthalmus,viridescens,Salamandridae,Caudata,species_group:salamanders,source:itis-taxonomy,NATIVE,"Most of eastern North America, from the Canadian Maritime Provinces west to the Great Lakes and south to Texas, Alabama, Georgia and Florida.",SOURCE_FOUND,
species:rough-green-snake,Rough green snake,,Opheodrys aestivus,Opheodrys,aestivus,Colubridae,Squamata,species_group:snakes,source:itis-taxonomy,NATIVE,"Southeastern United States, north to southern New Jersey, through Florida to the Keys, west to central Oklahoma and Texas and into northern Mexico. Not in Canada.",SOURCE_FOUND,
species:slender-glass-lizard,Slender glass lizard,,Ophisaurus attenuatus,Ophisaurus,attenuatus,Anguidae,Squamata,species_group:lizards,source:itis-taxonomy,NATIVE,"Eastern and central United States, from the southern end of Lake Michigan and Wisconsin south through Texas and eastward to the Atlantic coast; Wisconsin populations are disjunct. Not in Canada.",SOURCE_FOUND,
species:mimic-glass-lizard,Mimic glass lizard,,Ophisaurus mimicus,Ophisaurus,mimicus,Anguidae,Squamata,species_group:lizards,source:itis-taxonomy,NATIVE,"Coastal Plain of the southeastern United States, including Florida, coastal South Carolina and coastal and southern Georgia; rare and poorly documented. Not in Canada.",SOURCE_FOUND,
species:eastern-glass-lizard,Eastern glass lizard,,Ophisaurus ventralis,Ophisaurus,ventralis,Anguidae,Squamata,species_group:lizards,source:itis-taxonomy,NATIVE,"Atlantic and Gulf Coastal Plains: Florida, most of Georgia and South Carolina, coastal North Carolina and southeastern Virginia, west along the Gulf coast to eastern Louisiana. Not in Canada.",SOURCE_FOUND,
species:central-ratsnake,Central ratsnake,Couleuvre obscure de l'Est,Pantherophis alleghaniensis,Pantherophis,alleghaniensis,Colubridae,Squamata,species_group:snakes,source:itis-taxonomy,NATIVE,"East of the Mississippi River to the Atlantic Seaboard Fall Line in Virginia, north to Wisconsin, Michigan, New York, Vermont, Massachusetts, and the Canadian provinces of Ontario and Quebec.",SOURCE_FOUND,
species:corn-snake,Corn snake,,Pantherophis guttatus,Pantherophis,guttatus,Colubridae,Squamata,species_group:snakes,source:itis-taxonomy,NATIVE,"Southeastern United States from southern New Jersey to Florida and west through Mississippi to Louisiana; related Great Plains rat snake reaches Illinois, Texas and New Mexico. Not in Canada.",SOURCE_FOUND,
species:gray-rat-snake,Gray rat snake,,Pantherophis obsoletus,Pantherophis,obsoletus,Colubridae,Squamata,species_group:snakes,source:itis-taxonomy,NATIVE,"Central United States, north to southern Minnesota, south along the Mississippi River to the Gulf Coast; west to southern Nebraska and the eastern halves of Kansas, Oklahoma and Texas. Not in Canada.",SOURCE_FOUND,
species:florida-pine-snake,Florida pine snake,,Pituophis melanoleucus,Pituophis,melanoleucus,Colubridae,Squamata,species_group:snakes,source:itis-taxonomy,NATIVE,"Eastern United States; the Florida subspecies occurs in Florida, Alabama, Georgia, North Carolina and southwestern South Carolina. Not in Canada as this subspecies (Animal Diversity Web places the bullsnake subspecies in parts of Canada).",SOURCE_FOUND,
species:coal-skink,Coal skink,,Plestiodon anthracinus,Plestiodon,anthracinus,Scincidae,Squamata,species_group:lizards,source:itis-taxonomy,NATIVE,Only the Tennessee range was sourced: a southern coal skink subspecies along the Tennessee River in the west and a northern one in Great Smoky Mountains National Park.,SOURCE_FOUND,
species:five-lined-skink,Five-lined skink,Scinque pentaligne,Plestiodon fasciatus,Plestiodon,fasciatus,Scincidae,Squamata,species_group:lizards,source:itis-taxonomy,NATIVE,"Southern Ontario and the eastern and central United States: from lower Michigan and eastern New York south to northern Florida, west to Wisconsin, Missouri and eastern Kansas, Oklahoma and Texas, with isolated populations in Iowa and Minnesota.",SOURCE_FOUND,
species:southeastern-five-lined-skink,Southeastern five-lined skink,,Plestiodon inexpectatus,Plestiodon,inexpectatus,Scincidae,Squamata,species_group:lizards,source:itis-taxonomy,NATIVE,Throughout South Carolina and all but extreme northern Georgia (SREL); the wider range was not sourced in detail. Not in Canada.,SOURCE_FOUND,
species:broadhead-skink,Broadhead skink,,Plestiodon laticeps,Plestiodon,laticeps,Scincidae,Squamata,species_group:lizards,source:itis-taxonomy,NATIVE,"Central and eastern United States, from Pennsylvania to Florida and Indiana to Texas. Not in Canada.",SOURCE_FOUND,
species:mississippi-slimy-salamander,Mississippi slimy salamander,,Plethodon mississippi,Plethodon,mississippi,Plethodontidae,Caudata,species_group:salamanders,source:itis-taxonomy,NATIVE,"Southwestern Kentucky, western Tennessee, western Alabama, most of Mississippi and a small part of southeastern Louisiana, west of the Tennessee River on the Coastal Plain. Not in Canada.",SOURCE_FOUND,
species:southern-zigzag-salamander,Southern zigzag salamander,,Plethodon ventralis,Plethodon,ventralis,Plethodontidae,Caudata,species_group:salamanders,source:itis-taxonomy,NATIVE,"Illinois and Indiana south to north and central Alabama, mainly in the Southwestern Appalachians and Interior Plateau uplands. Not in Canada.",SOURCE_FOUND,
species:websters-salamander,Webster's salamander,,Plethodon websteri,Plethodon,websteri,Plethodontidae,Caudata,species_group:salamanders,source:itis-taxonomy,NATIVE,"Small, scattered populations in the southeastern Piedmont and adjacent areas: western South Carolina, west Georgia, central and east-central Alabama, south-central Mississippi and Louisiana. Not in Canada.",SOURCE_FOUND,
species:mountain-chorus-frog,Mountain chorus frog,,Pseudacris brachyphona,Pseudacris,brachyphona,Hylidae,Anura,species_group:frogs,source:itis-taxonomy,NATIVE,"Appalachian Mountains from northwestern Pennsylvania to central Alabama, generally at elevations of about 365-1066 m. Not in Canada.",SOURCE_FOUND,
species:spring-peeper,Spring peeper,Rainette crucifère,Pseudacris crucifer,Pseudacris,crucifer,Hylidae,Anura,species_group:frogs,source:itis-taxonomy,NATIVE,"Eastern North America from southeastern Manitoba east to the Atlantic, south to eastern Texas and mainland Florida (not the Florida Peninsula, per Animal Diversity Web). Introduced in Cuba.",SOURCE_FOUND,
species:southeastern-chorus-frog,Southeastern chorus frog,,Pseudacris feriarum,Pseudacris,feriarum,Hylidae,Anura,species_group:frogs,source:itis-taxonomy,NATIVE,"Southeastern United States: southeastern Missouri, northeastern Arkansas and eastern Mississippi east to coastal Virginia and the Carolinas, north to central and southern Pennsylvania, south to northern Florida. Not in Canada.",SOURCE_FOUND,
species:southern-chorus-frog,Southern chorus frog,,Pseudacris nigrita,Pseudacris,nigrita,Hylidae,Anura,species_group:frogs,source:itis-taxonomy,NATIVE,"Southeastern coast of the United States: Florida, southern Georgia, eastern South Carolina and North Carolina (north to the Tar and Pamlico Rivers), west to southern Alabama and Mississippi, with a disjunct population in southeastern Virginia. Not in Canada.",SOURCE_FOUND,
species:ornate-chorus-frog,Ornate chorus frog,,Pseudacris ornata,Pseudacris,ornata,Hylidae,Anura,species_group:frogs,source:itis-taxonomy,NATIVE,"Coastal Plain of the southeastern United States, absent from southern peninsular Florida. Not in Canada.",SOURCE_FOUND,
species:river-cooter,River cooter,,Pseudemys concinna,Pseudemys,concinna,Emydidae,Testudines,species_group:turtles,source:itis-taxonomy,NATIVE,"Eastern and central United States: northern Ohio south to northern Florida, eastern Virginia west to eastern Texas, with disjunct populations in the New River (VA/WV) and Tennessee River. Introduced in Europe (Spain) through the pet trade. Not native to Canada.",SOURCE_FOUND,
species:mud-salamander,Mud salamander,,Pseudotriton montanus,Pseudotriton,montanus,Plethodontidae,Caudata,species_group:salamanders,source:itis-taxonomy,NATIVE,Southeastern United States from southern New York to northern Florida and from the Atlantic coast west to Kentucky and Tennessee. Not in Canada.,SOURCE_FOUND,
species:red-salamander,Red salamander,Salamandre rousse,Pseudotriton ruber,Pseudotriton,ruber,Plethodontidae,Caudata,species_group:salamanders,source:itis-taxonomy,NATIVE,"Eastern United States from New York south along the Appalachians to the Gulf Coast of Louisiana, Alabama and the western Florida panhandle; absent from the Coastal Plain of Virginia, the Carolinas and Georgia. NatureServe lists a Canadian national record (CA), but no Canadian range was sourced.",SOURCE_FOUND,
species:grahams-crayfish-snake,Graham's crayfish snake,,Regina grahamii,Regina,grahamii,Colubridae,Squamata,species_group:snakes,source:itis-taxonomy,NATIVE,"Central United States only, per NatureServe: Arkansas, Iowa, Illinois, Kansas, Louisiana, Missouri, Mississippi, Nebraska, Oklahoma and Texas; not listed for Canada.",SOURCE_FOUND,
species:glossy-crayfish-snake,Glossy crayfish snake,,Regina rigida,Regina,rigida,Colubridae,Squamata,species_group:snakes,source:itis-taxonomy,NATIVE,"Southeastern United States, per NatureServe: Alabama, Arkansas, Florida, Georgia, Louisiana, Mississippi, North Carolina, Oklahoma, South Carolina, Texas and Virginia; in Florida from Osceola County northwest into the Panhandle.",SOURCE_FOUND,
species:queen-snake,Queen snake,Couleuvre royale,Regina septemvittata,Regina,septemvittata,Colubridae,Squamata,species_group:snakes,source:itis-taxonomy,NATIVE,"Eastern United States from the southern Great Lakes to the Florida panhandle and east to the Carolinas, north to Pennsylvania and New York; in Canada only southern Ontario (Georgian Bay, Bois Blanc Island), ranked N2 and listed Endangered under SARA.",SOURCE_FOUND,
species:pine-woods-snake,Pine woods snake,,Rhadinaea flavilata,Rhadinaea,flavilata,Colubridae,Squamata,species_group:snakes,source:itis-taxonomy,NATIVE,"Southeastern coastal plain of the United States only: Alabama, Florida (most of the peninsula south to near Lake Okeechobee plus the central panhandle), Georgia, Louisiana, Mississippi, North Carolina and South Carolina.",SOURCE_FOUND,
species:couchs-spadefoot,Couch's spadefoot,,Scaphiopus couchii,Scaphiopus,couchii,Scaphiopodidae,Anura,species_group:frogs,source:itis-taxonomy,NATIVE,"Southwestern United States (Arizona, California, Colorado, New Mexico, Oklahoma, Texas) into northern Mexico and Baja California; not found in Canada.",SOURCE_FOUND,
species:eastern-spadefoot,Eastern spadefoot,,Scaphiopus holbrookii,Scaphiopus,holbrookii,Scaphiopodidae,Anura,species_group:frogs,source:itis-taxonomy,NATIVE,Eastern and southeastern United States from Massachusetts to Florida and west to the Mississippi River basin; absent from higher Appalachian elevations; not in Canada.,SOURCE_FOUND,
species:southwestern-fence-lizard,Southwestern fence lizard,,Sceloporus cowlesi,Sceloporus,cowlesi,Phrynosomatidae,Squamata,species_group:lizards,source:itis-taxonomy,NATIVE,"Southwestern United States: southern and eastern Arizona, New Mexico and western Texas (NatureServe also lists Navajo Nation) into northern Chihuahua; not in Canada.",SOURCE_FOUND,
species:eastern-fence-lizard,Eastern fence lizard,,Sceloporus undulatus,Sceloporus,undulatus,Phrynosomatidae,Squamata,species_group:lizards,source:itis-taxonomy,NATIVE,"Eastern United States (NatureServe: Alabama, Delaware, DC, Florida, Georgia, Illinois, Indiana, Kentucky, Maryland, Mississippi, North Carolina, New Jersey, New York, Ohio, Pennsylvania, South Carolina, Tennessee, Virginia, West Virginia); Animal Diversity Web gives the broader concept as mid New York to mid Florida and west to Colorado; not in Canada.",SOURCE_FOUND,
species:ground-skink,Ground skink,,Scincella lateralis,Scincella,lateralis,Scincidae,Squamata,species_group:lizards,source:itis-taxonomy,NATIVE,"Eastern and central-eastern United States (NatureServe: Alabama, Arkansas, Delaware, Florida, Georgia, Illinois, Indiana, Kansas, Kentucky, Louisiana, Maryland, Missouri, Mississippi, North Carolina, New Jersey, Ohio, Oklahoma, South Carolina, Tennessee, Texas, Virginia, West Virginia) and northern Mexico; not in Canada.",SOURCE_FOUND,
species:green-ratsnake,Green ratsnake,,Senticolis triaspis,Senticolis,triaspis,Colubridae,Squamata,species_group:snakes,source:itis-taxonomy,NATIVE,"Northern edge of a largely tropical range: southeastern Arizona and southwestern New Mexico in the United States (state rank S1, state-threatened in New Mexico), south to Costa Rica; not in Canada.",SOURCE_FOUND,
species:lesser-siren,Lesser siren,,Siren intermedia,Siren,intermedia,Sirenidae,Caudata,species_group:salamanders,source:itis-taxonomy,NATIVE,"Southeastern United States; NatureServe lists Alabama, Florida, Georgia, Mississippi, North Carolina, South Carolina and Virginia under the current name, while Animal Diversity Web's older concept runs from Virginia to Florida and west to eastern Texas and up the Mississippi drainage; not in Canada.",SOURCE_FOUND,
species:pygmy-rattlesnake,Pygmy rattlesnake,,Sistrurus miliarius,Sistrurus,miliarius,Viperidae,Squamata,species_group:snakes,source:itis-taxonomy,NATIVE,"Southeastern and south-central United States: Alabama, Arkansas, Florida, Georgia, Kentucky, Louisiana, Missouri, Mississippi, North Carolina, Oklahoma, South Carolina, Tennessee and Texas; not in Canada.",SOURCE_FOUND,
species:razorback-musk-turtle,Razorback musk turtle,,Sternotherus carinatus,Sternotherus,carinatus,Kinosternidae,Testudines,species_group:turtles,source:itis-taxonomy,NATIVE,"South-central United States: Alabama, Arkansas, Louisiana, Mississippi, Oklahoma and Texas (Brazos River in Texas to the Pascagoula River in Mississippi); not in Canada.",SOURCE_FOUND,
species:loggerhead-musk-turtle,Loggerhead musk turtle,,Sternotherus minor,Sternotherus,minor,Kinosternidae,Testudines,species_group:turtles,source:itis-taxonomy,NATIVE,"Southeastern United States; NatureServe restricts the species to river drainages in Alabama, Georgia and Florida (Athens, Georgia south to near Orlando), while the broader older concept reaches central Florida north to Virginia and west to Louisiana; not in Canada.",SOURCE_FOUND,
species:stinkpot,Stinkpot,Tortue musquée,Sternotherus odoratus,Sternotherus,odoratus,Kinosternidae,Testudines,species_group:turtles,source:itis-taxonomy,NATIVE,"Eastern and central United States from southern Maine, Michigan and Wisconsin to Florida and east Texas (absent from higher elevations); in Canada southern Ontario and Quebec (NatureServe rank N3; federally Special Concern).",SOURCE_FOUND,
species:brown-snake,Brown snake,Couleuvre brune,Storeria dekayi,Storeria,dekayi,Colubridae,Squamata,species_group:snakes,source:itis-taxonomy,NATIVE,Eastern United States (east of the Rockies) and northern Mexico; in Canada southern Ontario and Quebec (NatureServe rank N5).,SOURCE_FOUND,
species:redbelly-snake,Redbelly snake,Couleuvre à ventre rouge,Storeria occipitomaculata,Storeria,occipitomaculata,Colubridae,Squamata,species_group:snakes,source:itis-taxonomy,NATIVE,"Eastern North America: United States from eastern North Dakota and Wyoming (Black Hills) to the Atlantic and Gulf; in Canada Manitoba, Saskatchewan, Ontario, Quebec, New Brunswick, Nova Scotia and Prince Edward Island (NatureServe also shows Newfoundland as an exotic record).",SOURCE_FOUND,
species:southeastern-crowned-snake,Southeastern crowned snake,,Tantilla coronata,Tantilla,coronata,Colubridae,Squamata,species_group:snakes,source:itis-taxonomy,NATIVE,"Southeastern United States from North Carolina west to Louisiana, with an isolated population in Kentucky (Indiana also records it); generally absent from southern Georgia and peninsular Florida; not in Canada.",SOURCE_FOUND,
species:ringed-wall-gecko,Ringed wall gecko,,Tarentola annularis,Tarentola,annularis,Gekkonidae,Squamata,species_group:lizards,source:itis-taxonomy,INTRODUCED,"Native to northern and Saharan/sub-Saharan Africa. Introduced in the United States: Florida (known since the 1990s from scattered sites including Lee and Miami-Dade counties) and California (Redlands, San Bernardino County, since the early 2000s; San Juan Capistrano, Orange County, 2020); NatureServe lists it as non-native. Not in Canada.",SOURCE_FOUND,
species:eastern-box-turtle,Eastern box turtle,Tortue boîte de l'Est,Terrapene carolina,Terrapene,carolina,Emydidae,Testudines,species_group:turtles,source:itis-taxonomy,NATIVE,"Eastern United States from southern Maine to Florida and west to Michigan, Illinois, Kansas, Oklahoma and Texas. In Canada NatureServe treats Ontario as an exotic record and SARA lists the species as Extirpated.",SOURCE_FOUND,
species:western-ribbon-snake,Western ribbon snake,,Thamnophis proximus,Thamnophis,proximus,Colubridae,Squamata,species_group:snakes,source:itis-taxonomy,NATIVE,"Central United States (NatureServe: Arkansas, Colorado, Iowa, Illinois, Indiana, Kansas, Kentucky, Louisiana, Missouri, Mississippi, Nebraska, New Mexico, Oklahoma, Tennessee, Texas, Wisconsin); Animal Diversity Web adds the range south through Mexico into Central America; not in Canada.",SOURCE_FOUND,
species:eastern-ribbon-snake,Eastern ribbon snake,Couleuvre mince,Thamnophis sauritus,Thamnophis,sauritus,Colubridae,Squamata,species_group:snakes,source:itis-taxonomy,NATIVE,"Eastern North America east of the Mississippi River from southern Maine and southern Ontario to Florida and Louisiana; in Canada Ontario, Quebec and Nova Scotia (NatureServe rank N4).",SOURCE_FOUND,
species:nile-monitor,Nile monitor,,Varanus niloticus,Varanus,niloticus,Varanidae,Squamata,species_group:lizards,source:itis-taxonomy,INTRODUCED,"Native to sub-Saharan Africa and the Nile valley. Non-native in the United States: established in Lee (Cape Coral) and Palm Beach counties, Florida; USGS NAS also records sightings in Georgia, Texas, Arizona, California and Virginia. Not in Canada.",SOURCE_FOUND,
species:rough-earth-snake,Rough earth snake,,Virginia striatula,Virginia,striatula,Colubridae,Squamata,species_group:snakes,source:itis-taxonomy,NATIVE,"Southeastern and south-central United States: Alabama, Arkansas, Florida, Georgia, Kansas, Louisiana, Missouri (Ozarks), Mississippi, North Carolina, Oklahoma, South Carolina, Tennessee, Texas and Virginia; not in Canada.",SOURCE_FOUND,
species:smooth-earth-snake,Smooth earth snake,,Virginia valeriae,Virginia,valeriae,Colubridae,Squamata,species_group:snakes,source:itis-taxonomy,NATIVE,"Eastern and central United States: Alabama, Arkansas, Delaware, DC, Florida, Georgia, Iowa, Illinois, Indiana, Kansas, Kentucky, Louisiana, Maryland, Missouri, Mississippi, North Carolina, New Jersey, Ohio, Oklahoma, Pennsylvania, South Carolina, Tennessee, Texas, Virginia and West Virginia; not in Canada.",SOURCE_FOUND,
