jurisdiction,rawName,status,state,members,excluded,basis,sourceUrl
ca-ab,Ducks,OPEN_SEASON,SPECIES_ATTRIBUTED,species:mallard|species:american-black-duck|species:wood-duck|species:northern-pintail|species:gadwall|species:american-wigeon|species:green-winged-teal|species:blue-winged-teal|species:northern-shoveler|species:canvasback|species:redhead|species:ring-necked-duck|species:greater-scaup|species:lesser-scaup|species:common-goldeneye|species:barrows-goldeneye|species:bufflehead|species:cinnamon-teal|species:common-merganser|species:harlequin-duck|species:hooded-merganser|species:long-tailed-duck|species:red-breasted-merganser|species:ruddy-duck|species:surf-scoter|species:white-winged-scoter,,50 CFR 10.13 common-name groups / 50 CFR 20.11(a) families,https://open.alberta.ca/dataset/995b1ca1-0e65-4204-b432-98e4d6ccbf46/resource/106a1a7d-ee3a-40db-96c8-e4f67003db29/download/fp-alberta-guide-to-hunting-regulations-2026.pdf
ca-bc,deer mice,YEAR_ROUND,NOT_RELEVANT,,,excluded taxa (take-exclusions.csv),https://www2.gov.bc.ca/assets/gov/sports-recreation-arts-and-culture/outdoor-recreation/fishing-and-hunting/hunting/regulations/hunting-trapping-synopsis.pdf
ca-bc,DUCKS,OPEN_SEASON,SPECIES_ATTRIBUTED,species:mallard|species:american-black-duck|species:wood-duck|species:northern-pintail|species:gadwall|species:american-wigeon|species:green-winged-teal|species:blue-winged-teal|species:northern-shoveler|species:canvasback|species:redhead|species:ring-necked-duck|species:greater-scaup|species:lesser-scaup|species:common-goldeneye|species:barrows-goldeneye|species:bufflehead|species:black-scoter|species:cinnamon-teal|species:common-merganser|species:harlequin-duck|species:hooded-merganser|species:long-tailed-duck|species:red-breasted-merganser|species:ruddy-duck|species:surf-scoter|species:white-winged-scoter|species:eurasian-wigeon,,50 CFR 10.13 common-name groups / 50 CFR 20.11(a) families,https://www2.gov.bc.ca/assets/gov/sports-recreation-arts-and-culture/outdoor-recreation/fishing-and-hunting/hunting/regulations/hunting-trapping-synopsis.pdf
ca-bc,voles and lemmings,YEAR_ROUND,NOT_RELEVANT,,,excluded taxa (take-exclusions.csv),https://www2.gov.bc.ca/assets/gov/sports-recreation-arts-and-culture/outdoor-recreation/fishing-and-hunting/hunting/regulations/hunting-trapping-synopsis.pdf
ca-federal,"all Ducks, combined",OPEN_SEASON,SPECIES_ATTRIBUTED,species:american-black-duck|species:american-wigeon|species:barrows-goldeneye|species:blue-winged-teal|species:bufflehead|species:canvasback|species:common-goldeneye|species:gadwall|species:greater-scaup|species:green-winged-teal|species:lesser-scaup|species:mallard|species:northern-pintail|species:northern-shoveler|species:redhead|species:ring-necked-duck|species:wood-duck|species:hooded-merganser|species:ruddy-duck|species:cinnamon-teal|species:eurasian-wigeon|species:common-merganser|species:red-breasted-merganser|species:long-tailed-duck|species:common-eider|species:king-eider|species:black-scoter|species:surf-scoter|species:white-winged-scoter|species:harlequin-duck,,"Migratory Birds Regulations group ""all Ducks, combined""",https://laws-lois.justice.gc.ca/eng/regulations/SOR-2022-105/FullText.html
ca-nb,"Ducks (other than Harlequin Ducks, Common and Red-breasted Mergansers, Long-tailed Ducks, Eiders and Scoters), combined",OPEN_SEASON,SPECIES_ATTRIBUTED,species:american-black-duck|species:american-wigeon|species:barrows-goldeneye|species:blue-winged-teal|species:bufflehead|species:common-goldeneye|species:gadwall|species:greater-scaup|species:green-winged-teal|species:lesser-scaup|species:mallard|species:northern-pintail|species:northern-shoveler|species:redhead|species:ring-necked-duck|species:wood-duck|species:hooded-merganser|species:ruddy-duck,,"Migratory Birds Regulations group ""Ducks (other than Harlequin Ducks, Common and Red-breasted Mergansers, Long-tailed Ducks, Eiders and Scoters), combined""",https://laws-lois.justice.gc.ca/eng/regulations/SOR-2022-105/FullText.html
ca-nb,Squirrel,OPEN_SEASON,UNRESOLVED,,,no authoritative membership for this group in the sources read,https://www2.gnb.ca/content/dam/gnb/Departments/nr-rn/pdf/en/Wildlife/HuntTrap.pdf
ca-nl,"all Geese, combined",OPEN_SEASON,SPECIES_ATTRIBUTED,species:canada-goose|species:snow-goose,,"Migratory Birds Regulations group ""all Geese, combined""",https://laws-lois.justice.gc.ca/eng/regulations/SOR-2022-105/FullText.html
ca-nl,"Ducks (other than Harlequin Ducks, Common and Red-breasted Mergansers, Long-tailed Ducks, Eiders and Scoters), combined",OPEN_SEASON,SPECIES_ATTRIBUTED,species:american-black-duck|species:american-wigeon|species:barrows-goldeneye|species:blue-winged-teal|species:bufflehead|species:common-goldeneye|species:gadwall|species:greater-scaup|species:green-winged-teal|species:lesser-scaup|species:mallard|species:northern-pintail|species:northern-shoveler|species:ring-necked-duck|species:wood-duck|species:hooded-merganser|species:cinnamon-teal,,"Migratory Birds Regulations group ""Ducks (other than Harlequin Ducks, Common and Red-breasted Mergansers, Long-tailed Ducks, Eiders and Scoters), combined""",https://laws-lois.justice.gc.ca/eng/regulations/SOR-2022-105/FullText.html
ca-ns,"Ducks (other than Harlequin Ducks, Common and Red-breasted Mergansers, Long-tailed Ducks, Eiders and Scoters), combined",OPEN_SEASON,SPECIES_ATTRIBUTED,species:american-black-duck|species:american-wigeon|species:barrows-goldeneye|species:blue-winged-teal|species:bufflehead|species:common-goldeneye|species:gadwall|species:greater-scaup|species:green-winged-teal|species:lesser-scaup|species:mallard|species:northern-pintail|species:northern-shoveler|species:ring-necked-duck|species:wood-duck|species:hooded-merganser|species:ruddy-duck|species:eurasian-wigeon,,"Migratory Birds Regulations group ""Ducks (other than Harlequin Ducks, Common and Red-breasted Mergansers, Long-tailed Ducks, Eiders and Scoters), combined""",https://laws-lois.justice.gc.ca/eng/regulations/SOR-2022-105/FullText.html
ca-ns,pen-reared pheasants or other approved game birds (licensed shooting preserve),PERMIT_OR_DRAW,UNRESOLVED,,,no authoritative membership for this group in the sources read,https://novascotia.ca/natr/hunt/pdf/hunting-and-furharvesting-summary-of-regulations.pdf
ca-on,"Ducks (other than Harlequin Ducks), combined",OPEN_SEASON,SPECIES_ATTRIBUTED,species:american-black-duck|species:american-wigeon|species:barrows-goldeneye|species:blue-winged-teal|species:bufflehead|species:canvasback|species:common-goldeneye|species:gadwall|species:greater-scaup|species:green-winged-teal|species:lesser-scaup|species:mallard|species:northern-pintail|species:northern-shoveler|species:redhead|species:ring-necked-duck|species:wood-duck|species:hooded-merganser|species:ruddy-duck|species:eurasian-wigeon|species:common-merganser|species:red-breasted-merganser|species:long-tailed-duck|species:common-eider|species:black-scoter|species:surf-scoter|species:white-winged-scoter,,"Migratory Birds Regulations group ""Ducks (other than Harlequin Ducks), combined""",https://laws-lois.justice.gc.ca/eng/regulations/SOR-2022-105/FullText.html
ca-on,"Geese (other than Canada Geese, Cackling Geese, Snow Geese and Ross’s Geese), combined",OPEN_SEASON,SPECIES_ATTRIBUTED,species:greater-white-fronted-goose|species:brant,,"Migratory Birds Regulations group ""Geese (other than Canada Geese, Cackling Geese, Snow Geese and Ross’s Geese), combined""",https://laws-lois.justice.gc.ca/eng/regulations/SOR-2022-105/FullText.html
ca-on,wildlife damaging property (protection of property),YEAR_ROUND,GROUP_RULE_LEGALLY_APPLICABLE,,,a broad legal class; members are not attributable from the source,https://www.ontario.ca/laws/statute/97f41
ca-on,wildlife referred to in clause 6(1)(h) of the Act,YEAR_ROUND,GROUP_RULE_LEGALLY_APPLICABLE,,,a broad legal class; members are not attributable from the source,https://www.ontario.ca/laws/regulation/980665
ca-pe,"Ducks (other than Harlequin Ducks, Common and Red-breasted Mergansers, Long-tailed Ducks, Eiders and Scoters), combined",OPEN_SEASON,SPECIES_ATTRIBUTED,species:american-black-duck|species:american-wigeon|species:barrows-goldeneye|species:blue-winged-teal|species:bufflehead|species:common-goldeneye|species:gadwall|species:greater-scaup|species:green-winged-teal|species:lesser-scaup|species:mallard|species:northern-pintail|species:northern-shoveler|species:ring-necked-duck|species:wood-duck|species:hooded-merganser|species:ruddy-duck,,"Migratory Birds Regulations group ""Ducks (other than Harlequin Ducks, Common and Red-breasted Mergansers, Long-tailed Ducks, Eiders and Scoters), combined""",https://laws-lois.justice.gc.ca/eng/regulations/SOR-2022-105/FullText.html
ca-pe,Weasel,OPEN_SEASON,SPECIES_ATTRIBUTED,species:american-ermine,,"plain meaning of ""weasel"", restricted to species NatureServe records here",https://www.princeedwardisland.ca/sites/default/files/legislation/w04-1-6-wildlife_conservation_act_hunting_and_trapping_seasons_regulations.pdf
ca-qc,Caille,OPEN_SEASON,UNRESOLVED,,,no authoritative membership for this group in the sources read,https://www.quebec.ca/tourisme-loisirs-sport/activites-sportives-et-de-plein-air/chasse-sportive/periodes-limites/petit-gibier
ca-qc,"Ducks (other than Harlequin Ducks), combined",OPEN_SEASON,SPECIES_ATTRIBUTED,species:american-black-duck|species:american-wigeon|species:barrows-goldeneye|species:blue-winged-teal|species:bufflehead|species:canvasback|species:common-goldeneye|species:gadwall|species:greater-scaup|species:green-winged-teal|species:lesser-scaup|species:mallard|species:northern-pintail|species:northern-shoveler|species:redhead|species:ring-necked-duck|species:wood-duck|species:hooded-merganser|species:ruddy-duck|species:eurasian-wigeon|species:common-merganser|species:red-breasted-merganser|species:long-tailed-duck|species:common-eider|species:king-eider|species:black-scoter|species:surf-scoter|species:white-winged-scoter,,"Migratory Birds Regulations group ""Ducks (other than Harlequin Ducks), combined""",https://laws-lois.justice.gc.ca/eng/regulations/SOR-2022-105/FullText.html
ca-qc,Faisans,OPEN_SEASON,UNRESOLVED,,,no authoritative membership for this group in the sources read,https://www.quebec.ca/tourisme-loisirs-sport/activites-sportives-et-de-plein-air/chasse-sportive/periodes-limites/petit-gibier
ca-qc,Francolins,OPEN_SEASON,UNRESOLVED,,,no authoritative membership for this group in the sources read,https://www.quebec.ca/tourisme-loisirs-sport/activites-sportives-et-de-plein-air/chasse-sportive/periodes-limites/petit-gibier
ca-qc,"Geese (other than Snow Geese, Canada Geese and Cackling Geese), combined",OPEN_SEASON,SPECIES_ATTRIBUTED,species:greater-white-fronted-goose|species:brant|species:rosss-goose,,"Migratory Birds Regulations group ""Geese (other than Snow Geese, Canada Geese and Cackling Geese), combined""",https://laws-lois.justice.gc.ca/eng/regulations/SOR-2022-105/FullText.html
ca-qc,Pintade,OPEN_SEASON,SPECIES_ATTRIBUTED,species:helmeted-guineafowl,,the row names this species,https://www.quebec.ca/tourisme-loisirs-sport/activites-sportives-et-de-plein-air/chasse-sportive/periodes-limites/petit-gibier
ca-sk,Ducks,OPEN_SEASON,SPECIES_ATTRIBUTED,species:mallard|species:american-black-duck|species:wood-duck|species:northern-pintail|species:gadwall|species:american-wigeon|species:green-winged-teal|species:blue-winged-teal|species:northern-shoveler|species:canvasback|species:redhead|species:ring-necked-duck|species:greater-scaup|species:lesser-scaup|species:common-goldeneye|species:barrows-goldeneye|species:bufflehead|species:black-scoter|species:cinnamon-teal|species:common-merganser|species:hooded-merganser|species:long-tailed-duck|species:red-breasted-merganser|species:ruddy-duck|species:surf-scoter|species:white-winged-scoter,,50 CFR 10.13 common-name groups / 50 CFR 20.11(a) families,https://publications.saskatchewan.ca/api/v1/products/121483/formats/140653/download
us-ak,Feral non-native game birds: Partridge,YEAR_ROUND,GROUP_RULE_LEGALLY_APPLICABLE,,,a broad legal class; members are not attributable from the source,https://www.adfg.alaska.gov/static/regulations/wildliferegulations/pdfs/smgame.pdf
us-ak,Feral non-native game birds: Pheasant,YEAR_ROUND,GROUP_RULE_LEGALLY_APPLICABLE,,,a broad legal class; members are not attributable from the source,https://www.adfg.alaska.gov/static/regulations/wildliferegulations/pdfs/smgame.pdf
us-ak,Feral non-native game birds: Quail,YEAR_ROUND,UNRESOLVED,,,the source enumerates its members; no candidate member is recorded here by NatureServe,https://www.adfg.alaska.gov/static/regulations/wildliferegulations/pdfs/smgame.pdf
us-ak,Mouse,YEAR_ROUND,NOT_RELEVANT,,,excluded taxa (take-exclusions.csv),https://www.adfg.alaska.gov/static/regulations/wildliferegulations/pdfs/smgame.pdf
us-ak,"Muridae Rodent (gerbil, rat, true mice and their relatives)",YEAR_ROUND,NOT_RELEVANT,,,excluded taxa (take-exclusions.csv),https://www.adfg.alaska.gov/static/regulations/wildliferegulations/pdfs/smgame.pdf
us-ak,Shrew,YEAR_ROUND,NOT_RELEVANT,,,excluded taxa (take-exclusions.csv),https://www.adfg.alaska.gov/static/regulations/wildliferegulations/pdfs/smgame.pdf
us-al,Blackbirds (except rusty blackbird),UNPROTECTED,UNRESOLVED,,,the source's exceptions need reading,https://www.eregulations.com/assets/docs/guides/26ALAB_LR.pdf
us-al,Box turtles (Terrapene spp.),YEAR_ROUND,SPECIES_ATTRIBUTED,species:eastern-box-turtle,,the row names this species,https://www.outdooralabama.com/hunting-wildlife-regulations/nongame-reptiles-protected-alabama-regulations
us-al,Coot,OPEN_SEASON,SPECIES_ATTRIBUTED,species:american-coot,,the row names this species,https://www.outdooralabama.com/seasons-and-bag-limits/waterfowl-season
us-al,Crow,YEAR_ROUND,SPECIES_ATTRIBUTED,species:american-crow,,the row names this species,https://www.outdooralabama.com/seasons-and-bag-limits/starlings-crows-and-house-sparrows-seasons
us-al,Diamondback terrapin,CLOSED_THIS_YEAR,SPECIES_ATTRIBUTED,species:diamond-backed-terrapin,,the row names this species,https://www.outdooralabama.com/hunting-wildlife-regulations/nongame-reptiles-protected-alabama-regulations
us-al,Duck,OPEN_SEASON,SPECIES_ATTRIBUTED,species:mallard|species:american-black-duck|species:wood-duck|species:northern-pintail|species:gadwall|species:american-wigeon|species:green-winged-teal|species:blue-winged-teal|species:northern-shoveler|species:canvasback|species:redhead|species:ring-necked-duck|species:greater-scaup|species:lesser-scaup|species:common-goldeneye|species:bufflehead|species:black-scoter|species:common-merganser|species:hooded-merganser|species:long-tailed-duck|species:red-breasted-merganser|species:ruddy-duck|species:surf-scoter|species:white-winged-scoter|species:mottled-duck|species:black-bellied-whistling-duck,,50 CFR 10.13 common-name groups / 50 CFR 20.11(a) families,https://www.outdooralabama.com/seasons-and-bag-limits/waterfowl-season
us-al,Fox,OPEN_SEASON,SPECIES_ATTRIBUTED,species:red-fox|species:gray-fox,,"plain meaning of ""fox"", restricted to species NatureServe records here",https://www.outdooralabama.com/seasons-and-bag-limits/bobcat-coyote-feral-swine-and-fox-seasons
us-al,Gallinule,OPEN_SEASON,SPECIES_ATTRIBUTED,species:common-gallinule,,the row names this species,https://www.outdooralabama.com/seasons-and-bag-limits/king-rail-clapper-rail-virginia-rail-sora-and-gallinule-seasons
us-al,"Light geese (snow, blue, Ross's)",OPEN_SEASON,SPECIES_ATTRIBUTED,species:snow-goose|species:rosss-goose,,the source enumerates its members,https://www.outdooralabama.com/seasons-and-bag-limits/waterfowl-season
us-al,Merganser,OPEN_SEASON,SPECIES_ATTRIBUTED,species:common-merganser,,the row names this species,https://www.outdooralabama.com/seasons-and-bag-limits/waterfowl-season
us-al,Native kingsnakes (Lampropeltis spp.),CLOSED_THIS_YEAR,SPECIES_ATTRIBUTED,species:prairie-kingsnake|species:scarlet-kingsnake|species:milksnake,,the source names the genus Lampropeltis,https://www.outdooralabama.com/hunting-wildlife-regulations/nongame-reptiles-protected-alabama-regulations
us-al,Other non-native bird species,UNPROTECTED,GROUP_RULE_LEGALLY_APPLICABLE,,,a broad legal class; members are not attributable from the source,https://www.outdooralabama.com/hunting-wildlife-regulations/nongame-birds-protected-alabama-regulations
us-al,Pigeons,UNPROTECTED,UNRESOLVED,,,50 CFR 10.13 common-name groups / 50 CFR 20.11(a) families; no candidate member is recorded here by NatureServe,https://www.outdooralabama.com/hunting-wildlife-regulations/nongame-birds-protected-alabama-regulations
us-al,Rabbit,OPEN_SEASON,PARTIAL_GROUP_WITH_EXCLUSIONS,species:eastern-cottontail|species:swamp-rabbit,species:marsh-rabbit (eligibility UNKNOWN)|species:appalachian-cottontail (closed by name in this jurisdiction),"plain meaning of ""rabbit"", restricted to species NatureServe records here",https://www.eregulations.com/assets/docs/guides/26ALAB_LR.pdf
us-al,Scaup,OPEN_SEASON,SPECIES_ATTRIBUTED,species:greater-scaup|species:lesser-scaup,,50 CFR 10.13 common-name groups / 50 CFR 20.11(a) families,https://www.outdooralabama.com/seasons-and-bag-limits/waterfowl-season
us-al,Snipe,OPEN_SEASON,SPECIES_ATTRIBUTED,species:wilsons-snipe,,50 CFR 10.13 common-name groups / 50 CFR 20.11(a) families,https://www.outdooralabama.com/snipe-season
us-al,Squirrel,OPEN_SEASON,UNRESOLVED,,,no authoritative membership for this group in the sources read,https://www.outdooralabama.com/seasons-and-bag-limits/squirrel-season
us-al,Teal (special season),OPEN_SEASON,SPECIES_ATTRIBUTED,species:blue-winged-teal|species:green-winged-teal,,50 CFR 10.13 common-name groups / 50 CFR 20.11(a) families,https://www.outdooralabama.com/seasons-and-bag-limits/waterfowl-season
us-al,Unprotected wildlife,UNPROTECTED,GROUP_RULE_LEGALLY_APPLICABLE,,,a broad legal class; members are not attributable from the source,https://www.eregulations.com/assets/docs/guides/26ALAB_LR.pdf
us-ar,All other aquatic turtles,CLOSED_THIS_YEAR,GROUP_RULE_LEGALLY_APPLICABLE,,,a broad legal class; members are not attributable from the source,https://www.agfc.com/regulations/guidebooks/
us-ar,"Aquatic wildlife pets (snails, turtles, frogs, salamanders)",YEAR_ROUND,GROUP_RULE_LEGALLY_APPLICABLE,,,a broad legal class; members are not attributable from the source,https://www.agfc.com/regulations/guidebooks/
us-ar,Coot,OPEN_SEASON,SPECIES_ATTRIBUTED,species:american-coot,,the row names this species,https://www.agfc.com/hunting/waterfowl/waterfowl-season-dates-rules-regulations/
us-ar,Crow,OPEN_SEASON,SPECIES_ATTRIBUTED,species:american-crow,,the row names this species,https://www.agfc.com/regulations/guidebooks/
us-ar,Duck,OPEN_SEASON,SPECIES_ATTRIBUTED,species:mallard|species:american-black-duck|species:wood-duck|species:northern-pintail|species:gadwall|species:american-wigeon|species:green-winged-teal|species:blue-winged-teal|species:northern-shoveler|species:canvasback|species:redhead|species:ring-necked-duck|species:greater-scaup|species:lesser-scaup|species:common-goldeneye|species:bufflehead|species:cinnamon-teal|species:common-merganser|species:hooded-merganser|species:long-tailed-duck|species:red-breasted-merganser|species:ruddy-duck|species:surf-scoter|species:black-bellied-whistling-duck|species:fulvous-whistling-duck,,50 CFR 10.13 common-name groups / 50 CFR 20.11(a) families,https://www.agfc.com/hunting/waterfowl/waterfowl-season-dates-rules-regulations/
us-ar,Feral hogs,YEAR_ROUND,SPECIES_ATTRIBUTED,species:wild-boar,,the row names this species,https://www.agfc.com/regulations/guidebooks/
us-ar,Gallinule (Purple and Common),OPEN_SEASON,SPECIES_ATTRIBUTED,species:common-gallinule,,the row names this species,https://www.agfc.com/regulations/guidebooks/
us-ar,Merganser,OPEN_SEASON,SPECIES_ATTRIBUTED,species:common-merganser,,the row names this species,https://www.agfc.com/hunting/waterfowl/waterfowl-season-dates-rules-regulations/
us-ar,Mink,OPEN_SEASON,SPECIES_ATTRIBUTED,species:american-mink,,the row names this species,https://www.agfc.com/regulations/guidebooks/
us-ar,Nuisance nongame wildlife,YEAR_ROUND,GROUP_RULE_LEGALLY_APPLICABLE,,,a broad legal class; members are not attributable from the source,https://www.agfc.com/regulations/guidebooks/
us-ar,Quail,OPEN_SEASON,SPECIES_ATTRIBUTED,species:northern-bobwhite,,"plain meaning of ""quail"", restricted to species NatureServe records here",https://www.agfc.com/regulations/guidebooks/
us-ar,Rabbit,OPEN_SEASON,SPECIES_ATTRIBUTED,species:eastern-cottontail|species:swamp-rabbit,,"plain meaning of ""rabbit"", restricted to species NatureServe records here",https://www.agfc.com/regulations/guidebooks/
us-ar,scaup,OPEN_SEASON,SPECIES_ATTRIBUTED,species:greater-scaup|species:lesser-scaup,,50 CFR 10.13 common-name groups / 50 CFR 20.11(a) families,https://www.agfc.com/hunting/waterfowl/waterfowl-season-dates-rules-regulations/
us-ar,"Snow, Blue and Ross's Goose",OPEN_SEASON,UNRESOLVED,,,no authoritative membership for this group in the sources read,https://www.agfc.com/hunting/waterfowl/waterfowl-season-dates-rules-regulations/
us-ar,Spotted skunk,CLOSED_THIS_YEAR,UNRESOLVED,,,no authoritative membership for this group in the sources read,https://www.agfc.com/regulations/guidebooks/
us-ar,Squirrel,OPEN_SEASON,UNRESOLVED,,,no authoritative membership for this group in the sources read,https://www.agfc.com/regulations/guidebooks/
us-ar,Teal,OPEN_SEASON,SPECIES_ATTRIBUTED,species:blue-winged-teal|species:cinnamon-teal|species:green-winged-teal,,50 CFR 10.13 common-name groups / 50 CFR 20.11(a) families,https://www.agfc.com/regulations/guidebooks/
us-ar,Weasel,CLOSED_THIS_YEAR,SPECIES_ATTRIBUTED,species:long-tailed-weasel,,"plain meaning of ""weasel"", restricted to species NatureServe records here",https://www.agfc.com/regulations/guidebooks/
us-az,All reptiles except those named in Subsections B-E,YEAR_ROUND,UNRESOLVED,,,the source's exceptions need reading,https://azgfd-portal-wordpress-pantheon.s3.us-west-2.amazonaws.com/wp-content/uploads/2025/11/05144900/2026-2030-Reptile-and-Amphibian-Regulations.pdf
us-az,American kestrel,PERMIT_OR_DRAW,NOT_RELEVANT,,,"raptors: falconry capture or protection, not quarry take",https://azgfd-live-portal-wordpress-pantheon.s3.us-west-2.amazonaws.com/wp-content/uploads/2026/09/08084903/2027-Spring-Regulations.pdf
us-az,Amphibians (general),YEAR_ROUND,UNRESOLVED,,,no authoritative membership for this group in the sources read,https://azgfd-portal-wordpress-pantheon.s3.us-west-2.amazonaws.com/wp-content/uploads/2025/11/05144900/2026-2030-Reptile-and-Amphibian-Regulations.pdf
us-az,Banded gecko (Coleonyx),YEAR_ROUND,SPECIES_ATTRIBUTED,species:western-banded-gecko,,the row names this species,https://azgfd-portal-wordpress-pantheon.s3.us-west-2.amazonaws.com/wp-content/uploads/2025/11/05144900/2026-2030-Reptile-and-Amphibian-Regulations.pdf
us-az,Bats,CLOSED_THIS_YEAR,NOT_RELEVANT,,,excluded taxa (take-exclusions.csv),https://azgfd-portal-wordpress-pantheon.s3.us-west-2.amazonaws.com/wp-content/uploads/2026/05/04081122/2026-27-Arizona-Hunting-Regulations.pdf
us-az,Black-footed ferret,CLOSED_THIS_YEAR,NOT_RELEVANT,,,"protected list, no take",https://azgfd-portal-wordpress-pantheon.s3.us-west-2.amazonaws.com/wp-content/uploads/2026/05/04081122/2026-27-Arizona-Hunting-Regulations.pdf
us-az,Black-tailed prairie dog,CLOSED_THIS_YEAR,PARTIAL_GROUP_WITH_EXCLUSIONS,,species:black-tailed-prairie-dog (closed by name in this jurisdiction),the row names this species,https://azgfd-portal-wordpress-pantheon.s3.us-west-2.amazonaws.com/wp-content/uploads/2026/05/04081122/2026-27-Arizona-Hunting-Regulations.pdf
us-az,Clawed frogs (genus Xenopus),YEAR_ROUND,UNRESOLVED,,,no authoritative membership for this group in the sources read,https://azgfd-portal-wordpress-pantheon.s3.us-west-2.amazonaws.com/wp-content/uploads/2025/11/05144900/2026-2030-Reptile-and-Amphibian-Regulations.pdf
us-az,Common snipe,OPEN_SEASON,SPECIES_ATTRIBUTED,species:wilsons-snipe,,the row names this species,https://azgfd-portal-wordpress-pantheon.s3.us-west-2.amazonaws.com/wp-content/uploads/2025/05/06160846/2025-26-Waterfowl-and-Snipe-Regulations_web.pdf
us-az,Cooper's hawk,PERMIT_OR_DRAW,NOT_RELEVANT,,,"raptors: falconry capture or protection, not quarry take",https://azgfd-live-portal-wordpress-pantheon.s3.us-west-2.amazonaws.com/wp-content/uploads/2026/09/08084903/2027-Spring-Regulations.pdf
us-az,Coots and gallinules,OPEN_SEASON,SPECIES_ATTRIBUTED,species:american-coot|species:common-gallinule,,50 CFR 10.13 common-name groups / 50 CFR 20.11(a) families,https://azgfd-portal-wordpress-pantheon.s3.us-west-2.amazonaws.com/wp-content/uploads/2025/05/06160846/2025-26-Waterfowl-and-Snipe-Regulations_web.pdf
us-az,Cottontail rabbit,YEAR_ROUND,SPECIES_ATTRIBUTED,species:desert-cottontail|species:mountain-cottontail,,"plain meaning of ""cottontail rabbit"", restricted to species NatureServe records here",https://azgfd-portal-wordpress-pantheon.s3.us-west-2.amazonaws.com/wp-content/uploads/2026/05/04081122/2026-27-Arizona-Hunting-Regulations.pdf
us-az,Ducks including mergansers,OPEN_SEASON,SPECIES_ATTRIBUTED,species:mallard|species:wood-duck|species:northern-pintail|species:gadwall|species:american-wigeon|species:green-winged-teal|species:blue-winged-teal|species:northern-shoveler|species:canvasback|species:redhead|species:ring-necked-duck|species:greater-scaup|species:lesser-scaup|species:common-goldeneye|species:barrows-goldeneye|species:bufflehead|species:cinnamon-teal|species:common-merganser|species:hooded-merganser|species:long-tailed-duck|species:red-breasted-merganser|species:ruddy-duck|species:surf-scoter|species:white-winged-scoter|species:mexican-duck|species:black-bellied-whistling-duck|species:eurasian-wigeon,,50 CFR 10.13 common-name groups / 50 CFR 20.11(a) families,https://azgfd-portal-wordpress-pantheon.s3.us-west-2.amazonaws.com/wp-content/uploads/2025/05/06160846/2025-26-Waterfowl-and-Snipe-Regulations_web.pdf
us-az,Ferruginous hawk,PERMIT_OR_DRAW,NOT_RELEVANT,,,"raptors: falconry capture or protection, not quarry take",https://azgfd-live-portal-wordpress-pantheon.s3.us-west-2.amazonaws.com/wp-content/uploads/2026/09/08084903/2027-Spring-Regulations.pdf
us-az,Gray hawk,PERMIT_OR_DRAW,NOT_RELEVANT,,,"raptors: falconry capture or protection, not quarry take",https://azgfd-live-portal-wordpress-pantheon.s3.us-west-2.amazonaws.com/wp-content/uploads/2026/09/08084903/2027-Spring-Regulations.pdf
us-az,Great horned owl,PERMIT_OR_DRAW,NOT_RELEVANT,,,"raptors: falconry capture or protection, not quarry take",https://azgfd-live-portal-wordpress-pantheon.s3.us-west-2.amazonaws.com/wp-content/uploads/2026/09/08084903/2027-Spring-Regulations.pdf
us-az,Greater earless lizard (Cophosaurus),YEAR_ROUND,UNRESOLVED,,,no authoritative membership for this group in the sources read,https://azgfd-portal-wordpress-pantheon.s3.us-west-2.amazonaws.com/wp-content/uploads/2025/11/05144900/2026-2030-Reptile-and-Amphibian-Regulations.pdf
us-az,Harris's hawk,PERMIT_OR_DRAW,NOT_RELEVANT,,,"raptors: falconry capture or protection, not quarry take",https://azgfd-live-portal-wordpress-pantheon.s3.us-west-2.amazonaws.com/wp-content/uploads/2026/09/08084903/2027-Spring-Regulations.pdf
us-az,Jaguar,CLOSED_THIS_YEAR,NOT_RELEVANT,,,"protected list, no take",https://azgfd-portal-wordpress-pantheon.s3.us-west-2.amazonaws.com/wp-content/uploads/2026/05/04081122/2026-27-Arizona-Hunting-Regulations.pdf
us-az,Jaguarundi,CLOSED_THIS_YEAR,NOT_RELEVANT,,,"protected list, no take",https://azgfd-portal-wordpress-pantheon.s3.us-west-2.amazonaws.com/wp-content/uploads/2026/05/04081122/2026-27-Arizona-Hunting-Regulations.pdf
us-az,Lesser earless lizards (Holbrookia),YEAR_ROUND,SPECIES_ATTRIBUTED,species:common-lesser-earless-lizard,,the row names this species,https://azgfd-portal-wordpress-pantheon.s3.us-west-2.amazonaws.com/wp-content/uploads/2025/11/05144900/2026-2030-Reptile-and-Amphibian-Regulations.pdf
us-az,Merlin,PERMIT_OR_DRAW,NOT_RELEVANT,,,"raptors: falconry capture or protection, not quarry take",https://azgfd-live-portal-wordpress-pantheon.s3.us-west-2.amazonaws.com/wp-content/uploads/2026/09/08084903/2027-Spring-Regulations.pdf
us-az,Mount Graham red squirrel,CLOSED_THIS_YEAR,NOT_RELEVANT,,,closure of a listed subspecies; recorded on the parent species as conservation status,https://azgfd-portal-wordpress-pantheon.s3.us-west-2.amazonaws.com/wp-content/uploads/2026/05/04081122/2026-27-Arizona-Hunting-Regulations.pdf
us-az,New Mexico jumping mouse,CLOSED_THIS_YEAR,NOT_RELEVANT,,,excluded taxa (take-exclusions.csv),https://azgfd-portal-wordpress-pantheon.s3.us-west-2.amazonaws.com/wp-content/uploads/2026/05/04081122/2026-27-Arizona-Hunting-Regulations.pdf
us-az,Nightsnakes (Hypsiglena),YEAR_ROUND,SPECIES_ATTRIBUTED,species:desert-nightsnake,,the row names this species,https://azgfd-portal-wordpress-pantheon.s3.us-west-2.amazonaws.com/wp-content/uploads/2025/11/05144900/2026-2030-Reptile-and-Amphibian-Regulations.pdf
us-az,Northern goshawk,PERMIT_OR_DRAW,NOT_RELEVANT,,,"raptors: falconry capture or protection, not quarry take",https://azgfd-live-portal-wordpress-pantheon.s3.us-west-2.amazonaws.com/wp-content/uploads/2026/09/08084903/2027-Spring-Regulations.pdf
us-az,Ocelot,CLOSED_THIS_YEAR,NOT_RELEVANT,,,"protected list, no take",https://azgfd-portal-wordpress-pantheon.s3.us-west-2.amazonaws.com/wp-content/uploads/2026/05/04081122/2026-27-Arizona-Hunting-Regulations.pdf
us-az,Other nongame mammals,YEAR_ROUND,GROUP_RULE_LEGALLY_APPLICABLE,,,a broad legal class; members are not attributable from the source,https://azgfd-portal-wordpress-pantheon.s3.us-west-2.amazonaws.com/wp-content/uploads/2026/05/04081122/2026-27-Arizona-Hunting-Regulations.pdf
us-az,Otter,CLOSED_THIS_YEAR,UNRESOLVED,,,"plain meaning of ""otter"", restricted to species NatureServe records here; no candidate member is recorded here by NatureServe",https://azgfd-portal-wordpress-pantheon.s3.us-west-2.amazonaws.com/wp-content/uploads/2026/05/04081122/2026-27-Arizona-Hunting-Regulations.pdf
us-az,Peregrine falcon,PERMIT_OR_DRAW,NOT_RELEVANT,,,"raptors: falconry capture or protection, not quarry take",https://azgfd-live-portal-wordpress-pantheon.s3.us-west-2.amazonaws.com/wp-content/uploads/2026/09/08084903/2027-Spring-Regulations.pdf
us-az,Pheasant,OPEN_SEASON,SPECIES_ATTRIBUTED,species:ring-necked-pheasant,species:green-pheasant (no occurrence record),"plain meaning of ""pheasant"", restricted to species NatureServe records here",https://azgfd-portal-wordpress-pantheon.s3.us-west-2.amazonaws.com/wp-content/uploads/2026/05/04081122/2026-27-Arizona-Hunting-Regulations.pdf
us-az,Porcupine,CLOSED_THIS_YEAR,SPECIES_ATTRIBUTED,species:north-american-porcupine,,the row names this species,https://azgfd-portal-wordpress-pantheon.s3.us-west-2.amazonaws.com/wp-content/uploads/2026/05/04081122/2026-27-Arizona-Hunting-Regulations.pdf
us-az,Prairie falcon,PERMIT_OR_DRAW,NOT_RELEVANT,,,"raptors: falconry capture or protection, not quarry take",https://azgfd-live-portal-wordpress-pantheon.s3.us-west-2.amazonaws.com/wp-content/uploads/2026/09/08084903/2027-Spring-Regulations.pdf
us-az,Red-tailed hawk,PERMIT_OR_DRAW,NOT_RELEVANT,,,"raptors: falconry capture or protection, not quarry take",https://azgfd-live-portal-wordpress-pantheon.s3.us-west-2.amazonaws.com/wp-content/uploads/2026/09/08084903/2027-Spring-Regulations.pdf
us-az,Scaup,OPEN_SEASON,SPECIES_ATTRIBUTED,species:greater-scaup|species:lesser-scaup,,50 CFR 10.13 common-name groups / 50 CFR 20.11(a) families,https://azgfd-portal-wordpress-pantheon.s3.us-west-2.amazonaws.com/wp-content/uploads/2025/05/06160846/2025-26-Waterfowl-and-Snipe-Regulations_web.pdf
us-az,Sharp-shinned hawk,PERMIT_OR_DRAW,NOT_RELEVANT,,,"raptors: falconry capture or protection, not quarry take",https://azgfd-live-portal-wordpress-pantheon.s3.us-west-2.amazonaws.com/wp-content/uploads/2026/09/08084903/2027-Spring-Regulations.pdf
us-az,Side-blotched lizard (Uta),YEAR_ROUND,SPECIES_ATTRIBUTED,species:common-side-blotched-lizard,,the row names this species,https://azgfd-portal-wordpress-pantheon.s3.us-west-2.amazonaws.com/wp-content/uploads/2025/11/05144900/2026-2030-Reptile-and-Amphibian-Regulations.pdf
us-az,Skunks,YEAR_ROUND,PARTIAL_GROUP_WITH_EXCLUSIONS,species:striped-skunk|species:western-spotted-skunk,species:hog-nosed-skunk (eligibility UNKNOWN),"plain meaning of ""skunk"", restricted to species NatureServe records here",https://azgfd-portal-wordpress-pantheon.s3.us-west-2.amazonaws.com/wp-content/uploads/2026/05/04081122/2026-27-Arizona-Hunting-Regulations.pdf
us-az,Snapping turtles (family Chelydridae),YEAR_ROUND,SPECIES_ATTRIBUTED,species:common-snapping-turtle,,the row names this species,https://azgfd-portal-wordpress-pantheon.s3.us-west-2.amazonaws.com/wp-content/uploads/2025/11/05144900/2026-2030-Reptile-and-Amphibian-Regulations.pdf
us-az,Swans,OPEN_SEASON,PARTIAL_GROUP_WITH_EXCLUSIONS,species:tundra-swan,species:trumpeter-swan (eligibility LIMITED_TAKE),50 CFR 10.13 common-name groups / 50 CFR 20.11(a) families,https://azgfd-portal-wordpress-pantheon.s3.us-west-2.amazonaws.com/wp-content/uploads/2026/05/04081122/2026-27-Arizona-Hunting-Regulations.pdf
us-az,Threadsnakes (Rena),YEAR_ROUND,SPECIES_ATTRIBUTED,species:western-threadsnake,,the row names this species,https://azgfd-portal-wordpress-pantheon.s3.us-west-2.amazonaws.com/wp-content/uploads/2025/11/05144900/2026-2030-Reptile-and-Amphibian-Regulations.pdf
us-az,Tree lizards (Urosaurus),YEAR_ROUND,SPECIES_ATTRIBUTED,species:ornate-tree-lizard,,the row names this species,https://azgfd-portal-wordpress-pantheon.s3.us-west-2.amazonaws.com/wp-content/uploads/2025/11/05144900/2026-2030-Reptile-and-Amphibian-Regulations.pdf
us-az,Weasel,OPEN_SEASON,SPECIES_ATTRIBUTED,species:long-tailed-weasel|species:american-ermine,,"plain meaning of ""weasel"", restricted to species NatureServe records here",https://azgfd-portal-wordpress-pantheon.s3.us-west-2.amazonaws.com/wp-content/uploads/2026/05/04081122/2026-27-Arizona-Hunting-Regulations.pdf
us-az,Western screech owl,PERMIT_OR_DRAW,NOT_RELEVANT,,,"raptors: falconry capture or protection, not quarry take",https://azgfd-live-portal-wordpress-pantheon.s3.us-west-2.amazonaws.com/wp-content/uploads/2026/09/08084903/2027-Spring-Regulations.pdf
us-az,Whiptails (Aspidoscelis),YEAR_ROUND,SPECIES_ATTRIBUTED,species:tiger-whiptail|species:plateau-striped-whiptail,,the source names the genus Aspidoscelis,https://azgfd-portal-wordpress-pantheon.s3.us-west-2.amazonaws.com/wp-content/uploads/2025/11/05144900/2026-2030-Reptile-and-Amphibian-Regulations.pdf
us-az,Zebra-tailed lizard (Callisaurus),YEAR_ROUND,SPECIES_ATTRIBUTED,species:zebra-tailed-lizard,,the row names this species,https://azgfd-portal-wordpress-pantheon.s3.us-west-2.amazonaws.com/wp-content/uploads/2025/11/05144900/2026-2030-Reptile-and-Amphibian-Regulations.pdf
us-ca,Moles,UNPROTECTED,NOT_RELEVANT,,,excluded taxa (take-exclusions.csv),https://nrm.dfg.ca.gov/FileHandler.ashx?DocumentID=202568&inline
us-ca,"Rodents (excluding tree and flying squirrels, and those listed as furbearers, endangered or threatened species)",UNPROTECTED,UNRESOLVED,,,the source's exceptions need reading,https://nrm.dfg.ca.gov/FileHandler.ashx?DocumentID=202568&inline
us-co,Bats,YEAR_ROUND,NOT_RELEVANT,,,excluded taxa (take-exclusions.csv),https://cpw.state.co.us/nuisance-wildlife
us-co,ducks (Ducks and Mergansers),OPEN_SEASON,SPECIES_ATTRIBUTED,species:mallard|species:american-black-duck|species:wood-duck|species:northern-pintail|species:gadwall|species:american-wigeon|species:green-winged-teal|species:blue-winged-teal|species:northern-shoveler|species:canvasback|species:redhead|species:ring-necked-duck|species:greater-scaup|species:lesser-scaup|species:common-goldeneye|species:barrows-goldeneye|species:bufflehead|species:black-scoter|species:cinnamon-teal|species:common-merganser|species:hooded-merganser|species:long-tailed-duck|species:red-breasted-merganser|species:ruddy-duck|species:surf-scoter|species:white-winged-scoter,,50 CFR 10.13 common-name groups / 50 CFR 20.11(a) families,https://cpw.widen.net/s/dlkb8mwlm6/ch05
us-co,Exotic Wildlife,YEAR_ROUND,GROUP_RULE_LEGALLY_APPLICABLE,,,a broad legal class; members are not attributable from the source,https://cpw.state.co.us/nuisance-wildlife
us-co,Ground Squirrels,YEAR_ROUND,PARTIAL_GROUP_WITH_EXCLUSIONS,species:wyoming-ground-squirrel|species:thirteen-lined-ground-squirrel,species:golden-mantled-ground-squirrel (eligibility UNKNOWN),"plain meaning of ""ground squirrel"", restricted to species NatureServe records here",https://cpw.state.co.us/nuisance-wildlife
us-co,Mice (except Preble's meadow jumping mouse),YEAR_ROUND,NOT_RELEVANT,,,excluded taxa (take-exclusions.csv),https://cpw.state.co.us/nuisance-wildlife
us-co,Rats,YEAR_ROUND,NOT_RELEVANT,,,excluded taxa (take-exclusions.csv),https://cpw.state.co.us/nuisance-wildlife
us-co,Voles,YEAR_ROUND,NOT_RELEVANT,,,excluded taxa (take-exclusions.csv),https://cpw.state.co.us/nuisance-wildlife
us-ct,Ducks,OPEN_SEASON,SPECIES_ATTRIBUTED,species:mallard|species:american-black-duck|species:wood-duck|species:northern-pintail|species:gadwall|species:american-wigeon|species:green-winged-teal|species:northern-shoveler|species:canvasback|species:redhead|species:ring-necked-duck|species:greater-scaup|species:lesser-scaup|species:common-goldeneye|species:bufflehead|species:black-scoter|species:common-merganser|species:hooded-merganser|species:king-eider|species:long-tailed-duck|species:red-breasted-merganser|species:ruddy-duck|species:surf-scoter|species:white-winged-scoter|species:eurasian-wigeon,,50 CFR 10.13 common-name groups / 50 CFR 20.11(a) families,https://portal.ct.gov/-/media/deep/hunting_trapping/pdf_files/mgbguide2026-2027.pdf
us-dc,"game birds, squirrels, rabbits, waterfowl (former game-law subjects)",CLOSED_THIS_YEAR,GROUP_RULE_LEGALLY_APPLICABLE,,,a broad legal class; members are not attributable from the source,https://code.dccouncil.gov/us/dc/council/code/titles/8/chapters/22/subchapters/II
us-dc,"wildlife (any free-roaming wild animal; excludes domestic animals, commensal rodents, invertebrates, fish)",PERMIT_OR_DRAW,NOT_RELEVANT,,,excluded taxa (take-exclusions.csv),https://code.dccouncil.gov/us/dc/council/code/sections/8-2201
us-de,Ducks,OPEN_SEASON,SPECIES_ATTRIBUTED,species:mallard|species:american-black-duck|species:wood-duck|species:northern-pintail|species:gadwall|species:american-wigeon|species:green-winged-teal|species:blue-winged-teal|species:canvasback|species:redhead|species:ring-necked-duck|species:greater-scaup|species:lesser-scaup|species:common-goldeneye|species:bufflehead|species:black-scoter|species:common-eider|species:common-merganser|species:hooded-merganser|species:long-tailed-duck|species:red-breasted-merganser|species:ruddy-duck|species:surf-scoter|species:white-winged-scoter|species:black-bellied-whistling-duck|species:eurasian-wigeon,,50 CFR 10.13 common-name groups / 50 CFR 20.11(a) families,https://www.eregulations.com/delaware/hunting/migratory-bird-seasons-bag-limits
us-fl,African collared-dove,UNPROTECTED,UNRESOLVED,,,no authoritative membership for this group in the sources read,https://myfwc.com/hunting/regulations/nongame/
us-fl,Amphibians other than frogs,YEAR_ROUND,UNRESOLVED,,,the source's exceptions need reading,https://www.flrules.org/gateway/ruleNo.asp?id=68A-26.002
us-fl,Armadillo,UNPROTECTED,SPECIES_ATTRIBUTED,species:nine-banded-armadillo,,the row names this species,https://www.flrules.org/gateway/ruleNo.asp?id=68A-4.001
us-fl,Coot,OPEN_SEASON,SPECIES_ATTRIBUTED,species:american-coot,,the row names this species,https://myfwc.com/hunting/regulations/birds/
us-fl,Cooters (Pseudemys spp.),CLOSED_THIS_YEAR,SPECIES_ATTRIBUTED,species:river-cooter,,the source names the genus Pseudemys,https://www.flrules.org/gateway/ruleNo.asp?id=68A-25.002
us-fl,Crow,OPEN_SEASON,SPECIES_ATTRIBUTED,species:american-crow,,the row names this species,https://myfwc.com/hunting/regulations/birds/
us-fl,Florida native box turtles,YEAR_ROUND,UNRESOLVED,,,no authoritative membership for this group in the sources read,https://www.flrules.org/gateway/ruleNo.asp?id=68A-25.002
us-fl,Fox,CLOSED_THIS_YEAR,SPECIES_ATTRIBUTED,species:red-fox|species:gray-fox,,"plain meaning of ""fox"", restricted to species NatureServe records here",https://www.eregulations.com/assets/docs/resources/FL/26FLHD_LR2.pdf
us-fl,Freshwater turtles (unlisted in Chapter 68A-27),YEAR_ROUND,UNRESOLVED,,,no authoritative membership for this group in the sources read,https://www.flrules.org/gateway/ruleNo.asp?id=68A-25.002
us-fl,Key deer,CLOSED_THIS_YEAR,NOT_RELEVANT,,,closure of a listed subspecies; recorded on the parent species as conservation status,https://myfwc.com/hunting/regulations/nongame/
us-fl,"Light geese (Snow, blue and Ross')",OPEN_SEASON,SPECIES_ATTRIBUTED,species:snow-goose,,50 CFR 10.13 common-name groups / 50 CFR 20.11(a) families,https://myfwc.com/hunting/regulations/birds/
us-fl,"Merganser (Common, red-breasted, hooded)",OPEN_SEASON,SPECIES_ATTRIBUTED,species:common-merganser,,the row names this species,https://myfwc.com/hunting/regulations/birds/
us-fl,Minks (incl. Everglades mink),CLOSED_THIS_YEAR,SPECIES_ATTRIBUTED,species:american-mink,,the row names this species,https://www.eregulations.com/assets/docs/resources/FL/26FLHD_LR2.pdf
us-fl,Non-native reptiles (Executive Order 23-16 lands),YEAR_ROUND,GROUP_RULE_LEGALLY_APPLICABLE,,,a broad legal class; members are not attributable from the source,https://myfwc.com/media/31857/eo-23-16.pdf
us-fl,Other frogs (not listed in Chapter 68A-27),YEAR_ROUND,GROUP_RULE_LEGALLY_APPLICABLE,,,a broad legal class; members are not attributable from the source,https://www.flrules.org/gateway/ruleNo.asp?id=68A-26.002
us-fl,Quail,OPEN_SEASON,SPECIES_ATTRIBUTED,species:northern-bobwhite,,"plain meaning of ""quail"", restricted to species NatureServe records here",https://myfwc.com/hunting/season-dates/
us-fl,Rabbits,YEAR_ROUND,PARTIAL_GROUP_WITH_EXCLUSIONS,species:eastern-cottontail,species:marsh-rabbit (eligibility UNKNOWN),"plain meaning of ""rabbit"", restricted to species NatureServe records here",https://myfwc.com/hunting/season-dates/
us-fl,"Reptiles other than alligators/turtles (snakes, lizards)",YEAR_ROUND,UNRESOLVED,,,the source's exceptions need reading,https://www.flrules.org/gateway/ruleNo.asp?id=68A-25.002
us-fl,Scaup,OPEN_SEASON,SPECIES_ATTRIBUTED,species:greater-scaup|species:lesser-scaup,,50 CFR 10.13 common-name groups / 50 CFR 20.11(a) families,https://myfwc.com/hunting/regulations/birds/
us-fl,"Sea ducks (scoters, long-tailed ducks, eiders)",OPEN_SEASON,UNRESOLVED,,,no authoritative membership for this group in the sources read,https://myfwc.com/hunting/regulations/birds/
us-fl,Skunks,YEAR_ROUND,SPECIES_ATTRIBUTED,species:striped-skunk|species:eastern-spotted-skunk,,"plain meaning of ""skunk"", restricted to species NatureServe records here",https://myfwc.com/hunting/season-dates/
us-fl,Snapping turtles (Chelydra spp.),CLOSED_THIS_YEAR,SPECIES_ATTRIBUTED,species:common-snapping-turtle,,the row names this species,https://www.flrules.org/gateway/ruleNo.asp?id=68A-25.002
us-fl,Snipe,OPEN_SEASON,SPECIES_ATTRIBUTED,species:wilsons-snipe,,50 CFR 10.13 common-name groups / 50 CFR 20.11(a) families,https://myfwc.com/hunting/regulations/birds/
us-fl,Softshell turtles (Apalone spp.),OPEN_SEASON,SPECIES_ATTRIBUTED,species:spiny-softshell|species:smooth-softshell-turtle,,the source names the genus Apalone,https://www.flrules.org/gateway/ruleNo.asp?id=68A-25.002
us-fl,"Teal (early season: blue-winged, green-winged, cinnamon)",OPEN_SEASON,SPECIES_ATTRIBUTED,species:blue-winged-teal|species:green-winged-teal,,50 CFR 10.13 common-name groups / 50 CFR 20.11(a) families,https://myfwc.com/hunting/regulations/birds/
us-fl,Weasels,CLOSED_THIS_YEAR,SPECIES_ATTRIBUTED,species:long-tailed-weasel,,"plain meaning of ""weasel"", restricted to species NatureServe records here",https://www.eregulations.com/assets/docs/resources/FL/26FLHD_LR2.pdf
us-ga,Ducks,OPEN_SEASON,SPECIES_ATTRIBUTED,species:mallard|species:american-black-duck|species:wood-duck|species:northern-pintail|species:gadwall|species:american-wigeon|species:green-winged-teal|species:blue-winged-teal|species:northern-shoveler|species:canvasback|species:redhead|species:ring-necked-duck|species:greater-scaup|species:lesser-scaup|species:common-goldeneye|species:bufflehead|species:black-scoter|species:common-merganser|species:hooded-merganser|species:long-tailed-duck|species:red-breasted-merganser|species:ruddy-duck|species:surf-scoter|species:white-winged-scoter|species:fulvous-whistling-duck,,50 CFR 10.13 common-name groups / 50 CFR 20.11(a) families,https://publuu.com/flip-book/1025508/2541036
us-ga,Eider,OPEN_SEASON,SPECIES_ATTRIBUTED,species:common-eider,,the row names this species,https://publuu.com/flip-book/1025508/2541036
us-ga,Fox,OPEN_SEASON,SPECIES_ATTRIBUTED,species:red-fox|species:gray-fox,,"plain meaning of ""fox"", restricted to species NatureServe records here",https://publuu.com/flip-book/1025508/2375523/page/16
us-ga,freshwater turtles,YEAR_ROUND,UNRESOLVED,,,no authoritative membership for this group in the sources read,https://georgiawildlife.com/Turtling
us-ga,frogs,UNPROTECTED,UNRESOLVED,,,no authoritative membership for this group in the sources read,https://georgiawildlife.com/non-native-and-invasive-species-info
us-ga,Gallinules,OPEN_SEASON,SPECIES_ATTRIBUTED,species:common-gallinule,,the row names this species,https://publuu.com/flip-book/1025508/2541036
us-ga,Mergansers,OPEN_SEASON,SPECIES_ATTRIBUTED,species:common-merganser,,the row names this species,https://publuu.com/flip-book/1025508/2541036
us-ga,"rats, mice",UNPROTECTED,NOT_RELEVANT,,,excluded taxa (take-exclusions.csv),https://georgiawildlife.com/non-native-and-invasive-species-info
us-ga,Scaup,OPEN_SEASON,SPECIES_ATTRIBUTED,species:greater-scaup|species:lesser-scaup,,50 CFR 10.13 common-name groups / 50 CFR 20.11(a) families,https://publuu.com/flip-book/1025508/2541036
us-ga,Scoter,OPEN_SEASON,SPECIES_ATTRIBUTED,species:black-scoter|species:surf-scoter|species:white-winged-scoter,,50 CFR 10.13 common-name groups / 50 CFR 20.11(a) families,https://publuu.com/flip-book/1025508/2541036
us-ga,Skunk,OPEN_SEASON,SPECIES_ATTRIBUTED,species:striped-skunk|species:eastern-spotted-skunk,,"plain meaning of ""skunk"", restricted to species NatureServe records here",https://publuu.com/flip-book/1025508/2375523/page/16
us-ga,spring lizards,UNPROTECTED,UNRESOLVED,,,no authoritative membership for this group in the sources read,https://georgiawildlife.com/non-native-and-invasive-species-info
us-ga,Squirrel,OPEN_SEASON,UNRESOLVED,,,no authoritative membership for this group in the sources read,https://publuu.com/flip-book/1025508/2375523/page/16
us-ga,Teal,OPEN_SEASON,SPECIES_ATTRIBUTED,species:blue-winged-teal|species:green-winged-teal,,50 CFR 10.13 common-name groups / 50 CFR 20.11(a) families,https://publuu.com/flip-book/1025508/2541036
us-ga,venomous snakes,UNPROTECTED,UNRESOLVED,,,no authoritative membership for this group in the sources read,https://georgiawildlife.com/non-native-and-invasive-species-info
us-hi,Mouflon-feral hybrid sheep,OPEN_SEASON,UNRESOLVED,,,no authoritative membership for this group in the sources read,https://dlnr.hawaii.gov/recreation/files/2016/01/Chapter-123_Final.pdf
us-ia,Badger,OPEN_SEASON,SPECIES_ATTRIBUTED,species:american-badger,,the row names this species,https://www.iowadnr.gov/things-do/hunting-trapping
us-ia,Beaver,OPEN_SEASON,SPECIES_ATTRIBUTED,species:beaver,,the row names this species,https://www.iowadnr.gov/things-do/hunting-trapping
us-ia,Black duck,OPEN_SEASON,SPECIES_ATTRIBUTED,species:american-black-duck,,the row names this species,https://www.iowadnr.gov/things-do/hunting-trapping
us-ia,Bobwhite quail,OPEN_SEASON,SPECIES_ATTRIBUTED,species:northern-bobwhite,,the row names this species,https://www.iowadnr.gov/things-do/hunting-trapping
us-ia,Canada goose,OPEN_SEASON,SPECIES_ATTRIBUTED,species:canada-goose,,the row names this species,https://www.iowadnr.gov/things-do/hunting-trapping
us-ia,Canvasback,OPEN_SEASON,SPECIES_ATTRIBUTED,species:canvasback,,the row names this species,https://www.iowadnr.gov/things-do/hunting-trapping
us-ia,Civet cat (Spotted skunk),CLOSED_THIS_YEAR,UNRESOLVED,,,no authoritative membership for this group in the sources read,https://www.iowadnr.gov/things-do/hunting-trapping
us-ia,Common garter snake,UNPROTECTED,SPECIES_ATTRIBUTED,species:common-gartersnake,,the row names this species,https://www.iowadnr.gov/things-do/hunting-trapping
us-ia,Coot,OPEN_SEASON,SPECIES_ATTRIBUTED,species:american-coot,,the row names this species,https://www.iowadnr.gov/things-do/hunting-trapping
us-ia,Coyote,YEAR_ROUND,SPECIES_ATTRIBUTED,species:coyote,,the row names this species,https://www.iowadnr.gov/things-do/hunting-trapping
us-ia,Crow,OPEN_SEASON,SPECIES_ATTRIBUTED,species:american-crow,,the row names this species,https://www.iowadnr.gov/things-do/hunting-trapping
us-ia,Ducks,OPEN_SEASON,SPECIES_ATTRIBUTED,species:mallard|species:american-black-duck|species:wood-duck|species:northern-pintail|species:gadwall|species:american-wigeon|species:green-winged-teal|species:blue-winged-teal|species:northern-shoveler|species:canvasback|species:redhead|species:ring-necked-duck|species:greater-scaup|species:lesser-scaup|species:common-goldeneye|species:bufflehead|species:black-scoter|species:cinnamon-teal|species:common-merganser|species:hooded-merganser|species:long-tailed-duck|species:red-breasted-merganser|species:ruddy-duck|species:surf-scoter|species:white-winged-scoter,,50 CFR 10.13 common-name groups / 50 CFR 20.11(a) families,https://www.iowadnr.gov/things-do/hunting-trapping
us-ia,Feral hog,UNVERIFIED_SEASON,BLOCKED_SOURCE,,,authority site blocked; statute stub only,https://www.iowadnr.gov/things-do/hunting-trapping
us-ia,Fox (Red and Gray),OPEN_SEASON,SPECIES_ATTRIBUTED,species:red-fox|species:gray-fox,,the source enumerates its members,https://www.iowadnr.gov/things-do/hunting-trapping
us-ia,Frogs (except bullfrogs),YEAR_ROUND,UNRESOLVED,,,the source's exceptions need reading,https://www.legis.iowa.gov/docs/iac/chapter/571.81.pdf
us-ia,Gray partridge,OPEN_SEASON,SPECIES_ATTRIBUTED,species:gray-partridge,,the row names this species,https://www.iowadnr.gov/things-do/hunting-trapping
us-ia,Gray wolf,CLOSED_THIS_YEAR,PARTIAL_GROUP_WITH_EXCLUSIONS,,species:gray-wolf (closed by name in this jurisdiction),the row names this species,https://www.iowadnr.gov/things-do/hunting-trapping
us-ia,"Ground squirrels, gophers and woodchucks (adjacent roads)",UNVERIFIED_SEASON,BLOCKED_SOURCE,,,authority site blocked; statute stub only,https://www.iowadnr.gov/things-do/hunting-trapping
us-ia,Groundhog,YEAR_ROUND,SPECIES_ATTRIBUTED,species:woodchuck,,the row names this species,https://www.iowadnr.gov/things-do/hunting-trapping
us-ia,Hooded merganser,OPEN_SEASON,SPECIES_ATTRIBUTED,species:hooded-merganser,,the row names this species,https://www.iowadnr.gov/things-do/hunting-trapping
us-ia,House sparrow,UNPROTECTED,SPECIES_ATTRIBUTED,species:house-sparrow,,the row names this species,https://www.iowadnr.gov/things-do/hunting-trapping
us-ia,"Light geese (white and blue-phase snow, Ross')",OPEN_SEASON,SPECIES_ATTRIBUTED,species:snow-goose|species:rosss-goose,,50 CFR 10.13 common-name groups / 50 CFR 20.11(a) families,https://www.iowadnr.gov/things-do/hunting-trapping
us-ia,Mallard,OPEN_SEASON,SPECIES_ATTRIBUTED,species:mallard,,the row names this species,https://www.iowadnr.gov/things-do/hunting-trapping
us-ia,Mergansers,OPEN_SEASON,SPECIES_ATTRIBUTED,species:common-merganser,,the row names this species,https://www.iowadnr.gov/things-do/hunting-trapping
us-ia,Mink,OPEN_SEASON,SPECIES_ATTRIBUTED,species:american-mink,,the row names this species,https://www.iowadnr.gov/things-do/hunting-trapping
us-ia,Muskrat,OPEN_SEASON,SPECIES_ATTRIBUTED,species:muskrat,,the row names this species,https://www.iowadnr.gov/things-do/hunting-trapping
us-ia,Opossum,OPEN_SEASON,SPECIES_ATTRIBUTED,species:virginia-opossum,,"plain meaning of ""opossum"", restricted to species NatureServe records here",https://www.iowadnr.gov/things-do/hunting-trapping
us-ia,Otter,OPEN_SEASON,SPECIES_ATTRIBUTED,species:north-american-river-otter,,"plain meaning of ""otter"", restricted to species NatureServe records here",https://www.iowadnr.gov/things-do/hunting-trapping
us-ia,Pigeon,YEAR_ROUND,UNRESOLVED,,,50 CFR 10.13 common-name groups / 50 CFR 20.11(a) families; no candidate member is recorded here by NatureServe,https://www.iowadnr.gov/things-do/hunting-trapping
us-ia,Pintail,OPEN_SEASON,SPECIES_ATTRIBUTED,species:northern-pintail,,the row names this species,https://www.iowadnr.gov/things-do/hunting-trapping
us-ia,"Protected nongame (wild birds, fish, bats, reptiles and amphibians)",CLOSED_THIS_YEAR,NOT_RELEVANT,,,excluded taxa (take-exclusions.csv),https://www.iowadnr.gov/things-do/hunting-trapping
us-ia,Rabbit (Cottontail),OPEN_SEASON,SPECIES_ATTRIBUTED,species:eastern-cottontail,,the row names this species,https://www.iowadnr.gov/things-do/hunting-trapping
us-ia,Rabbit (Jack),CLOSED_THIS_YEAR,SPECIES_ATTRIBUTED,species:white-tailed-jackrabbit,,the source enumerates its members,https://www.iowadnr.gov/things-do/hunting-trapping
us-ia,Raccoon,OPEN_SEASON,SPECIES_ATTRIBUTED,species:raccoon,,the row names this species,https://www.iowadnr.gov/things-do/hunting-trapping
us-ia,Redhead,OPEN_SEASON,SPECIES_ATTRIBUTED,species:redhead,,the row names this species,https://www.iowadnr.gov/things-do/hunting-trapping
us-ia,Rooster pheasant,OPEN_SEASON,SPECIES_ATTRIBUTED,species:ring-necked-pheasant,,the row names this species,https://www.iowadnr.gov/things-do/hunting-trapping
us-ia,Ruffed grouse,OPEN_SEASON,SPECIES_ATTRIBUTED,species:ruffed-grouse,,the row names this species,https://www.iowadnr.gov/things-do/hunting-trapping
us-ia,Scaup,OPEN_SEASON,SPECIES_ATTRIBUTED,species:greater-scaup|species:lesser-scaup,,50 CFR 10.13 common-name groups / 50 CFR 20.11(a) families,https://www.iowadnr.gov/things-do/hunting-trapping
us-ia,"September teal (Blue-winged, Green-winged & Cinnamon)",OPEN_SEASON,SPECIES_ATTRIBUTED,species:blue-winged-teal|species:green-winged-teal|species:cinnamon-teal,,the source enumerates its members,https://www.iowadnr.gov/things-do/hunting-trapping
us-ia,Snipe,OPEN_SEASON,SPECIES_ATTRIBUTED,species:wilsons-snipe,,50 CFR 10.13 common-name groups / 50 CFR 20.11(a) families,https://www.iowadnr.gov/things-do/hunting-trapping
us-ia,Squirrel (Fox and Gray),OPEN_SEASON,SPECIES_ATTRIBUTED,species:fox-squirrel|species:eastern-gray-squirrel,,the source enumerates its members,https://www.iowadnr.gov/things-do/hunting-trapping
us-ia,Striped skunk,OPEN_SEASON,SPECIES_ATTRIBUTED,species:striped-skunk,,the row names this species,https://www.iowadnr.gov/things-do/hunting-trapping
us-ia,Timber rattlesnake,CLOSED_THIS_YEAR,PARTIAL_GROUP_WITH_EXCLUSIONS,,species:timber-rattlesnake (closed by name in this jurisdiction),the row names this species,https://www.iowadnr.gov/things-do/hunting-trapping
us-ia,Trumpeter swan,CLOSED_THIS_YEAR,PARTIAL_GROUP_WITH_EXCLUSIONS,,species:trumpeter-swan (closed by name in this jurisdiction),the row names this species,https://www.iowadnr.gov/things-do/hunting-trapping
us-ia,Tundra swan,CLOSED_THIS_YEAR,PARTIAL_GROUP_WITH_EXCLUSIONS,,species:tundra-swan (closed by name in this jurisdiction),the row names this species,https://www.iowadnr.gov/things-do/hunting-trapping
us-ia,Weasel,OPEN_SEASON,SPECIES_ATTRIBUTED,species:least-weasel|species:long-tailed-weasel|species:american-ermine,,"plain meaning of ""weasel"", restricted to species NatureServe records here",https://www.iowadnr.gov/things-do/hunting-trapping
us-ia,White-tailed deer,PERMIT_OR_DRAW,SPECIES_ATTRIBUTED,species:white-tailed-deer,,the row names this species,https://www.iowadnr.gov/things-do/hunting-trapping
us-ia,Wild turkey,PERMIT_OR_DRAW,SPECIES_ATTRIBUTED,species:wild-turkey,,the row names this species,https://www.iowadnr.gov/things-do/hunting-trapping
us-ia,Wood duck,OPEN_SEASON,SPECIES_ATTRIBUTED,species:wood-duck,,the row names this species,https://www.iowadnr.gov/things-do/hunting-trapping
us-ia,Woodcock,OPEN_SEASON,SPECIES_ATTRIBUTED,species:american-woodcock,,the row names this species,https://www.iowadnr.gov/things-do/hunting-trapping
us-il,Bats,CLOSED_THIS_YEAR,NOT_RELEVANT,,,excluded taxa (take-exclusions.csv),https://dnr.illinois.gov/hunting/hunttrapdigest.html
us-il,Birds causing damage (nuisance removal permit),PERMIT_OR_DRAW,GROUP_RULE_LEGALLY_APPLICABLE,,,a broad legal class; members are not attributable from the source,https://dnr.illinois.gov/hunting/hunttrapdigest.html
us-il,Conservation Order Light Geese (Snow/Ross's Geese),OPEN_SEASON,SPECIES_ATTRIBUTED,species:snow-goose|species:rosss-goose,,the source enumerates its members,https://dnr.illinois.gov/hunting/hunttrapdigest.html
us-il,Coots,OPEN_SEASON,SPECIES_ATTRIBUTED,species:american-coot,,the row names this species,https://dnr.illinois.gov/hunting/hunttrapdigest.html
us-il,Doves (mourning and white-winged),OPEN_SEASON,SPECIES_ATTRIBUTED,species:mourning-dove,,the source enumerates its members,https://dnr.illinois.gov/hunting/hunttrapdigest.html
us-il,Ducks,OPEN_SEASON,SPECIES_ATTRIBUTED,species:mallard|species:wood-duck|species:northern-pintail|species:gadwall|species:american-wigeon|species:blue-winged-teal|species:northern-shoveler|species:canvasback|species:redhead|species:ring-necked-duck|species:greater-scaup|species:lesser-scaup|species:common-goldeneye|species:bufflehead|species:black-scoter|species:common-merganser|species:harlequin-duck|species:hooded-merganser|species:long-tailed-duck|species:red-breasted-merganser|species:ruddy-duck|species:surf-scoter|species:white-winged-scoter,,50 CFR 10.13 common-name groups / 50 CFR 20.11(a) families,https://dnr.illinois.gov/hunting/hunttrapdigest.html
us-il,Flying squirrel,CLOSED_THIS_YEAR,SPECIES_ATTRIBUTED,species:northern-flying-squirrel,,the row names this species,https://dnr.illinois.gov/hunting/hunttrapdigest.html
us-il,Light Geese (Snow/Ross's Geese),OPEN_SEASON,SPECIES_ATTRIBUTED,species:snow-goose|species:rosss-goose,,the source enumerates its members,https://dnr.illinois.gov/hunting/hunttrapdigest.html
us-il,Mergansers,OPEN_SEASON,SPECIES_ATTRIBUTED,species:common-merganser,,the row names this species,https://dnr.illinois.gov/hunting/hunttrapdigest.html
us-il,Nuisance wildlife removal,PERMIT_OR_DRAW,GROUP_RULE_LEGALLY_APPLICABLE,,,a broad legal class; members are not attributable from the source,https://dnr.illinois.gov/hunting/hunttrapdigest.html
us-il,Other unprotected reptiles and amphibians (indigenous taxa),UNPROTECTED,GROUP_RULE_LEGALLY_APPLICABLE,,,a broad legal class; members are not attributable from the source,https://dnr.illinois.gov/fishing.html
us-il,Pigeons,YEAR_ROUND,UNRESOLVED,,,50 CFR 10.13 common-name groups / 50 CFR 20.11(a) families; no candidate member is recorded here by NatureServe,https://dnr.illinois.gov/hunting/hunttrapdigest.html
us-il,Rabbits (cottontail and swamp),OPEN_SEASON,SPECIES_ATTRIBUTED,species:eastern-cottontail|species:swamp-rabbit,,the source enumerates its members,https://dnr.illinois.gov/hunting/hunttrapdigest.html
us-il,Ringed turtle dove,YEAR_ROUND,SPECIES_ATTRIBUTED,species:ringed-turtle-dove,,the row names this species,https://dnr.illinois.gov/hunting/hunttrapdigest.html
us-il,Scaup (Bluebills),OPEN_SEASON,SPECIES_ATTRIBUTED,species:greater-scaup|species:lesser-scaup,,50 CFR 10.13 common-name groups / 50 CFR 20.11(a) families,https://dnr.illinois.gov/hunting/hunttrapdigest.html
us-il,Squirrels (gray and fox),OPEN_SEASON,SPECIES_ATTRIBUTED,species:eastern-gray-squirrel|species:fox-squirrel,,the source enumerates its members,https://dnr.illinois.gov/hunting/hunttrapdigest.html
us-il,Swans (all wild swans),CLOSED_THIS_YEAR,SPECIES_ATTRIBUTED,species:tundra-swan,,50 CFR 10.13 common-name groups / 50 CFR 20.11(a) families,https://dnr.illinois.gov/hunting/hunttrapdigest.html
us-il,Teal (Early season),OPEN_SEASON,SPECIES_ATTRIBUTED,species:blue-winged-teal,,50 CFR 10.13 common-name groups / 50 CFR 20.11(a) families,https://dnr.illinois.gov/hunting/hunttrapdigest.html
us-il,Weasel (Least and Long-tailed),OPEN_SEASON,SPECIES_ATTRIBUTED,species:least-weasel|species:long-tailed-weasel,,the source enumerates its members,https://dnr.illinois.gov/hunting/hunttrapdigest.html
us-il,White squirrel,CLOSED_THIS_YEAR,UNRESOLVED,,,no authoritative membership for this group in the sources read,https://dnr.illinois.gov/hunting/hunttrapdigest.html
us-in,Chipmunks,UNPROTECTED,NOT_RELEVANT,,,excluded taxa (take-exclusions.csv),https://www.eregulations.com/indiana/hunting/general-information
us-in,Coots,OPEN_SEASON,SPECIES_ATTRIBUTED,species:american-coot,,the row names this species,https://www.eregulations.com/indiana/hunting/waterfowl-migratory-bird-regulations
us-in,"Ducks, Coots, & Mergansers",OPEN_SEASON,SPECIES_ATTRIBUTED,species:american-coot|species:common-merganser,,the source enumerates its members,https://www.eregulations.com/indiana/hunting/waterfowl-migratory-bird-regulations
us-in,Flying squirrel,CLOSED_THIS_YEAR,SPECIES_ATTRIBUTED,species:northern-flying-squirrel,,the row names this species,https://www.eregulations.com/indiana/hunting/small-game
us-in,Green Frog & Bullfrog,OPEN_SEASON,UNRESOLVED,,,no authoritative membership for this group in the sources read,https://www.eregulations.com/indiana/hunting/reptiles-amphibians
us-in,"Light geese (snow, blue, Ross)",OPEN_SEASON,SPECIES_ATTRIBUTED,species:snow-goose,,50 CFR 10.13 common-name groups / 50 CFR 20.11(a) families,https://www.eregulations.com/indiana/hunting/waterfowl-migratory-bird-regulations
us-in,Mergansers,OPEN_SEASON,SPECIES_ATTRIBUTED,species:common-merganser,,the row names this species,https://www.eregulations.com/indiana/hunting/waterfowl-migratory-bird-regulations
us-in,Moles,UNPROTECTED,NOT_RELEVANT,,,excluded taxa (take-exclusions.csv),https://www.eregulations.com/indiana/hunting/general-information
us-in,Mourning Doves,OPEN_SEASON,SPECIES_ATTRIBUTED,species:mourning-dove,,the row names this species,https://www.eregulations.com/indiana/hunting/waterfowl-migratory-bird-regulations
us-in,"Native nongame amphibians and reptiles (frogs, lizards, salamanders, snakes, toads, turtles)",OPEN_SEASON,GROUP_RULE_LEGALLY_APPLICABLE,,,a broad legal class; members are not attributable from the source,https://www.eregulations.com/indiana/hunting/reptiles-amphibians
us-in,Nuisance furbearers and squirrels (resident landowner/tenant),UNPROTECTED,GROUP_RULE_LEGALLY_APPLICABLE,,,a broad legal class; members are not attributable from the source,https://www.eregulations.com/indiana/hunting/general-information
us-in,Scaup,OPEN_SEASON,SPECIES_ATTRIBUTED,species:greater-scaup|species:lesser-scaup,,50 CFR 10.13 common-name groups / 50 CFR 20.11(a) families,https://www.eregulations.com/indiana/hunting/waterfowl-migratory-bird-regulations
us-in,Teal,OPEN_SEASON,SPECIES_ATTRIBUTED,species:blue-winged-teal|species:green-winged-teal,,50 CFR 10.13 common-name groups / 50 CFR 20.11(a) families,https://www.eregulations.com/indiana/hunting/waterfowl-migratory-bird-regulations
us-in,Voles,UNPROTECTED,NOT_RELEVANT,,,excluded taxa (take-exclusions.csv),https://www.eregulations.com/indiana/hunting/general-information
us-ks,Amphibians,YEAR_ROUND,UNRESOLVED,,,no authoritative membership for this group in the sources read,https://kdwpt.ks.gov/Hunting/Hunting-Regulations/Reptiles-Amphibians-Other-Species
us-ks,Duck,OPEN_SEASON,SPECIES_ATTRIBUTED,species:mallard|species:american-black-duck|species:wood-duck|species:northern-pintail|species:gadwall|species:american-wigeon|species:green-winged-teal|species:blue-winged-teal|species:northern-shoveler|species:canvasback|species:redhead|species:ring-necked-duck|species:greater-scaup|species:lesser-scaup|species:common-goldeneye|species:bufflehead|species:black-scoter|species:cinnamon-teal|species:common-merganser|species:hooded-merganser|species:long-tailed-duck|species:red-breasted-merganser|species:ruddy-duck|species:surf-scoter|species:white-winged-scoter|species:mottled-duck,,50 CFR 10.13 common-name groups / 50 CFR 20.11(a) families,https://kdwpt.ks.gov/content/download/14625/100362/version/45/file/KS+Hunting+Regulations+ENG+25.pdf
us-ks,Gophers,UNPROTECTED,NOT_RELEVANT,,,excluded taxa (take-exclusions.csv),https://kdwpt.ks.gov/content/download/14625/100362/version/45/file/KS+Hunting+Regulations+ENG+25.pdf
us-ks,Ground squirrels,YEAR_ROUND,SPECIES_ATTRIBUTED,species:thirteen-lined-ground-squirrel,,"plain meaning of ""ground squirrel"", restricted to species NatureServe records here",https://kdwpt.ks.gov/content/download/14625/100362/version/45/file/KS+Hunting+Regulations+ENG+25.pdf
us-ks,Kangaroo rats,YEAR_ROUND,NOT_RELEVANT,,,excluded taxa (take-exclusions.csv),https://kdwpt.ks.gov/content/download/14625/100362/version/45/file/KS+Hunting+Regulations+ENG+25.pdf
us-ks,Merganser,OPEN_SEASON,SPECIES_ATTRIBUTED,species:common-merganser,,the row names this species,https://kdwpt.ks.gov/content/download/14625/100362/version/45/file/KS+Hunting+Regulations+ENG+25.pdf
us-ks,Moles,UNPROTECTED,NOT_RELEVANT,,,excluded taxa (take-exclusions.csv),https://kdwpt.ks.gov/content/download/14625/100362/version/45/file/KS+Hunting+Regulations+ENG+25.pdf
us-ks,Prairie chicken (Southwest Unit),CLOSED_THIS_YEAR,UNRESOLVED,,,no authoritative membership for this group in the sources read,https://kdwpt.ks.gov/content/download/14625/100362/version/45/file/KS+Hunting+Regulations+ENG+25.pdf
us-ks,"Rabbit/Hare (Cottontail, Jackrabbit)",YEAR_ROUND,UNRESOLVED,,,no authoritative membership for this group in the sources read,https://kdwpt.ks.gov/content/download/14625/100362/version/45/file/KS+Hunting+Regulations+ENG+25.pdf
us-ks,Reptiles,YEAR_ROUND,UNRESOLVED,,,no authoritative membership for this group in the sources read,https://kdwpt.ks.gov/Hunting/Hunting-Regulations/Reptiles-Amphibians-Other-Species
us-ks,Rodents,YEAR_ROUND,NOT_RELEVANT,,,excluded taxa (take-exclusions.csv),https://kdwpt.ks.gov/content/download/14625/100362/version/45/file/KS+Hunting+Regulations+ENG+25.pdf
us-ks,September Teal,OPEN_SEASON,SPECIES_ATTRIBUTED,species:blue-winged-teal|species:cinnamon-teal|species:green-winged-teal,,50 CFR 10.13 common-name groups / 50 CFR 20.11(a) families,https://kdwpt.ks.gov/content/download/14625/100362/version/45/file/KS+Hunting+Regulations+ENG+25.pdf
us-ks,Soft-shelled turtles,YEAR_ROUND,SPECIES_ATTRIBUTED,species:spiny-softshell|species:smooth-softshell-turtle,,"plain meaning of ""soft-shelled turtle"", restricted to species NatureServe records here",https://kdwpt.ks.gov/Fishing/Fishing-Regulations/Turtles
us-ks,Weasel,OPEN_SEASON,SPECIES_ATTRIBUTED,species:least-weasel|species:long-tailed-weasel,,"plain meaning of ""weasel"", restricted to species NatureServe records here",https://kdwpt.ks.gov/content/download/14625/100362/version/45/file/KS+Hunting+Regulations+ENG+25.pdf
us-ks,Wood rats,YEAR_ROUND,NOT_RELEVANT,,,excluded taxa (take-exclusions.csv),https://kdwpt.ks.gov/content/download/14625/100362/version/45/file/KS+Hunting+Regulations+ENG+25.pdf
us-ky,Duck,OPEN_SEASON,SPECIES_ATTRIBUTED,species:mallard|species:american-black-duck|species:wood-duck|species:northern-pintail|species:gadwall|species:american-wigeon|species:green-winged-teal|species:blue-winged-teal|species:northern-shoveler|species:canvasback|species:redhead|species:ring-necked-duck|species:greater-scaup|species:lesser-scaup|species:common-goldeneye|species:bufflehead|species:black-scoter|species:common-merganser|species:hooded-merganser|species:long-tailed-duck|species:red-breasted-merganser|species:ruddy-duck|species:surf-scoter|species:white-winged-scoter|species:black-bellied-whistling-duck,,50 CFR 10.13 common-name groups / 50 CFR 20.11(a) families,https://fw.ky.gov/Hunt/Documents/huntingguideentire.pdf
us-ky,"Exotic, non-native hoofed stock",YEAR_ROUND,GROUP_RULE_LEGALLY_APPLICABLE,,,a broad legal class; members are not attributable from the source,https://fw.ky.gov/Hunt/Pages/Other-Hunting-Seasons.aspx
us-ky,Merganser,OPEN_SEASON,SPECIES_ATTRIBUTED,species:common-merganser,,the row names this species,https://fw.ky.gov/Hunt/Documents/huntingguideentire.pdf
us-ky,scaup,OPEN_SEASON,SPECIES_ATTRIBUTED,species:greater-scaup|species:lesser-scaup,,50 CFR 10.13 common-name groups / 50 CFR 20.11(a) families,https://fw.ky.gov/Hunt/Documents/huntingguideentire.pdf
us-ky,soft-shell turtles,YEAR_ROUND,SPECIES_ATTRIBUTED,species:spiny-softshell|species:smooth-softshell-turtle,,"plain meaning of ""soft-shell turtle"", restricted to species NatureServe records here",https://fw.ky.gov/Hunt/Pages/Other-Hunting-Seasons.aspx
us-ky,Squirrel,OPEN_SEASON,UNRESOLVED,,,no authoritative membership for this group in the sources read,https://fw.ky.gov/Hunt/Documents/huntingguideentire.pdf
us-ky,Teal,OPEN_SEASON,SPECIES_ATTRIBUTED,species:blue-winged-teal|species:green-winged-teal,,50 CFR 10.13 common-name groups / 50 CFR 20.11(a) families,https://fw.ky.gov/Hunt/Documents/huntingguideentire.pdf
us-la,Black pine snake,CLOSED_THIS_YEAR,SPECIES_ATTRIBUTED,species:florida-pine-snake,,the row names this species,https://www.wlf.louisiana.gov/page/recreational-reptile-and-amphibian-collecting
us-la,"Blackbird, cowbird and grackle",YEAR_ROUND,PARTIAL_GROUP_WITH_EXCLUSIONS,species:brewers-blackbird|species:red-winged-blackbird|species:bronzed-cowbird|species:brown-headed-cowbird|species:boat-tailed-grackle|species:common-grackle|species:great-tailed-grackle,species:rusty-blackbird (eligibility UNKNOWN),50 CFR 10.13 common-name groups / 50 CFR 20.11(a) families,https://www.wlf.louisiana.gov/page/depredation-order
us-la,Box turtles,YEAR_ROUND,SPECIES_ATTRIBUTED,species:eastern-box-turtle,,the row names this species,https://www.wlf.louisiana.gov/page/recreational-reptile-and-amphibian-collecting
us-la,Coots,OPEN_SEASON,SPECIES_ATTRIBUTED,species:american-coot,,the row names this species,https://www.wlf.louisiana.gov/assets/Resources/Publications/Regulations/26LAHD.pdf
us-la,Crows,OPEN_SEASON,SPECIES_ATTRIBUTED,species:american-crow,,the row names this species,https://www.wlf.louisiana.gov/assets/Resources/Publications/Regulations/26LAHD.pdf
us-la,Ducks,OPEN_SEASON,SPECIES_ATTRIBUTED,species:mallard|species:american-black-duck|species:wood-duck|species:northern-pintail|species:gadwall|species:american-wigeon|species:green-winged-teal|species:blue-winged-teal|species:northern-shoveler|species:canvasback|species:redhead|species:ring-necked-duck|species:greater-scaup|species:lesser-scaup|species:common-goldeneye|species:bufflehead|species:black-scoter|species:common-merganser|species:hooded-merganser|species:red-breasted-merganser|species:ruddy-duck|species:surf-scoter|species:white-winged-scoter|species:mottled-duck|species:fulvous-whistling-duck,,50 CFR 10.13 common-name groups / 50 CFR 20.11(a) families,https://www.wlf.louisiana.gov/assets/Resources/Publications/Regulations/26LAHD.pdf
us-la,Dusky gopher frog,CLOSED_THIS_YEAR,NOT_RELEVANT,,,excluded taxa (take-exclusions.csv),https://www.wlf.louisiana.gov/page/recreational-reptile-and-amphibian-collecting
us-la,Eastern diamondback rattlesnake,CLOSED_THIS_YEAR,PARTIAL_GROUP_WITH_EXCLUSIONS,,species:eastern-diamondback-rattlesnake (closed by name in this jurisdiction),the row names this species,https://www.wlf.louisiana.gov/page/recreational-reptile-and-amphibian-collecting
us-la,Eastern tiger salamander,CLOSED_THIS_YEAR,PARTIAL_GROUP_WITH_EXCLUSIONS,,species:eastern-tiger-salamander (closed by name in this jurisdiction),the row names this species,https://www.wlf.louisiana.gov/page/recreational-reptile-and-amphibian-collecting
us-la,Gallinules,OPEN_SEASON,SPECIES_ATTRIBUTED,species:common-gallinule,,the row names this species,https://www.wlf.louisiana.gov/assets/Resources/Publications/Regulations/26LAHD.pdf
us-la,Gopher tortoise,CLOSED_THIS_YEAR,NOT_RELEVANT,,,excluded taxa (take-exclusions.csv),https://www.wlf.louisiana.gov/page/recreational-reptile-and-amphibian-collecting
us-la,Green sea turtle,CLOSED_THIS_YEAR,NOT_RELEVANT,,,"protected list, no take",https://www.wlf.louisiana.gov/page/recreational-reptile-and-amphibian-collecting
us-la,Hawksbill sea turtle,CLOSED_THIS_YEAR,NOT_RELEVANT,,,"protected list, no take",https://www.wlf.louisiana.gov/page/recreational-reptile-and-amphibian-collecting
us-la,Kemp's ridley sea turtle,CLOSED_THIS_YEAR,NOT_RELEVANT,,,"protected list, no take",https://www.wlf.louisiana.gov/page/recreational-reptile-and-amphibian-collecting
us-la,Leatherback sea turtle,CLOSED_THIS_YEAR,NOT_RELEVANT,,,"protected list, no take",https://www.wlf.louisiana.gov/page/recreational-reptile-and-amphibian-collecting
us-la,Loggerhead sea turtle,CLOSED_THIS_YEAR,NOT_RELEVANT,,,"protected list, no take",https://www.wlf.louisiana.gov/page/recreational-reptile-and-amphibian-collecting
us-la,Louisiana pine snake,CLOSED_THIS_YEAR,UNRESOLVED,,,no authoritative membership for this group in the sources read,https://www.wlf.louisiana.gov/page/recreational-reptile-and-amphibian-collecting
us-la,Mergansers,OPEN_SEASON,SPECIES_ATTRIBUTED,species:common-merganser,,the row names this species,https://www.wlf.louisiana.gov/assets/Resources/Publications/Regulations/26LAHD.pdf
us-la,Mud salamander,CLOSED_THIS_YEAR,PARTIAL_GROUP_WITH_EXCLUSIONS,,species:mud-salamander (closed by name in this jurisdiction),the row names this species,https://www.wlf.louisiana.gov/page/recreational-reptile-and-amphibian-collecting
us-la,Nuisance wildlife (most species),PERMIT_OR_DRAW,GROUP_RULE_LEGALLY_APPLICABLE,,,a broad legal class; members are not attributable from the source,https://www.wlf.louisiana.gov/page/nuisance-wildlife-control-and-removal
us-la,Pheasant,OPEN_SEASON,UNRESOLVED,,species:green-pheasant (no occurrence record),"plain meaning of ""pheasant"", restricted to species NatureServe records here; occurrence unknown for candidate members",https://www.wlf.louisiana.gov/assets/Resources/Publications/Regulations/26LAHD.pdf
us-la,Quail,OPEN_SEASON,SPECIES_ATTRIBUTED,species:northern-bobwhite,,"plain meaning of ""quail"", restricted to species NatureServe records here",https://www.wlf.louisiana.gov/assets/Resources/Publications/Regulations/26LAHD.pdf
us-la,Rabbit,OPEN_SEASON,SPECIES_ATTRIBUTED,species:eastern-cottontail|species:swamp-rabbit,,"plain meaning of ""rabbit"", restricted to species NatureServe records here",https://www.wlf.louisiana.gov/assets/Resources/Publications/Regulations/26LAHD.pdf
us-la,Red salamander,CLOSED_THIS_YEAR,PARTIAL_GROUP_WITH_EXCLUSIONS,,species:red-salamander (closed by name in this jurisdiction),the row names this species,https://www.wlf.louisiana.gov/page/recreational-reptile-and-amphibian-collecting
us-la,Ringed map turtle,CLOSED_THIS_YEAR,UNRESOLVED,,,no authoritative membership for this group in the sources read,https://www.wlf.louisiana.gov/page/recreational-reptile-and-amphibian-collecting
us-la,Scaup,OPEN_SEASON,SPECIES_ATTRIBUTED,species:greater-scaup|species:lesser-scaup,,50 CFR 10.13 common-name groups / 50 CFR 20.11(a) families,https://www.wlf.louisiana.gov/assets/Resources/Publications/Regulations/26LAHD.pdf
us-la,Skunk,OPEN_SEASON,SPECIES_ATTRIBUTED,species:striped-skunk|species:eastern-spotted-skunk,,"plain meaning of ""skunk"", restricted to species NatureServe records here",https://www.wlf.louisiana.gov/assets/Resources/Publications/Regulations/2026-2027-Trapping-Regulations.pdf
us-la,Snipe,OPEN_SEASON,SPECIES_ATTRIBUTED,species:wilsons-snipe,,50 CFR 10.13 common-name groups / 50 CFR 20.11(a) families,https://www.wlf.louisiana.gov/assets/Resources/Publications/Regulations/26LAHD.pdf
us-la,Southern red-backed salamander,CLOSED_THIS_YEAR,UNRESOLVED,,,no authoritative membership for this group in the sources read,https://www.wlf.louisiana.gov/page/recreational-reptile-and-amphibian-collecting
us-la,Squirrel,OPEN_SEASON,UNRESOLVED,,,no authoritative membership for this group in the sources read,https://www.wlf.louisiana.gov/assets/Resources/Publications/Regulations/26LAHD.pdf
us-la,Webster's salamander,CLOSED_THIS_YEAR,PARTIAL_GROUP_WITH_EXCLUSIONS,,species:websters-salamander (closed by name in this jurisdiction),the row names this species,https://www.wlf.louisiana.gov/page/recreational-reptile-and-amphibian-collecting
us-ma,birds destroying agricultural crops (farmer permit),PERMIT_OR_DRAW,UNRESOLVED,,,no authoritative membership for this group in the sources read,https://malegislature.gov/Laws/GeneralLaws/PartI/TitleXIX/Chapter131/Section38
us-ma,chipmunk,UNPROTECTED,NOT_RELEVANT,,,excluded taxa (take-exclusions.csv),https://malegislature.gov/Laws/GeneralLaws/PartI/TitleXIX/Chapter131/Section5
us-ma,crow,UNPROTECTED,SPECIES_ATTRIBUTED,species:american-crow,,the row names this species,https://malegislature.gov/Laws/GeneralLaws/PartI/TitleXIX/Chapter131/Section5
us-ma,flying squirrel,UNPROTECTED,SPECIES_ATTRIBUTED,species:northern-flying-squirrel,,the row names this species,https://malegislature.gov/Laws/GeneralLaws/PartI/TitleXIX/Chapter131/Section5
us-ma,fox,UNPROTECTED,SPECIES_ATTRIBUTED,species:red-fox|species:gray-fox,,"plain meaning of ""fox"", restricted to species NatureServe records here",https://malegislature.gov/Laws/GeneralLaws/PartI/TitleXIX/Chapter131/Section5
us-ma,jay,UNPROTECTED,UNRESOLVED,,,no authoritative membership for this group in the sources read,https://malegislature.gov/Laws/GeneralLaws/PartI/TitleXIX/Chapter131/Section5
us-ma,mammals damaging property (owner/tenant),YEAR_ROUND,UNRESOLVED,,,no authoritative membership for this group in the sources read,https://malegislature.gov/Laws/GeneralLaws/PartI/TitleXIX/Chapter131/Section37
us-ma,skunk,UNPROTECTED,SPECIES_ATTRIBUTED,species:striped-skunk,,"plain meaning of ""skunk"", restricted to species NatureServe records here",https://malegislature.gov/Laws/GeneralLaws/PartI/TitleXIX/Chapter131/Section5
us-ma,weasel,UNPROTECTED,SPECIES_ATTRIBUTED,species:long-tailed-weasel|species:american-ermine,,"plain meaning of ""weasel"", restricted to species NatureServe records here",https://malegislature.gov/Laws/GeneralLaws/PartI/TitleXIX/Chapter131/Section5
us-ma,wild birds damaging property (owner/tenant),YEAR_ROUND,UNRESOLVED,,,no authoritative membership for this group in the sources read,https://malegislature.gov/Laws/GeneralLaws/PartI/TitleXIX/Chapter131/Section37
us-ma,wildcat,UNPROTECTED,UNRESOLVED,,,no authoritative membership for this group in the sources read,https://malegislature.gov/Laws/GeneralLaws/PartI/TitleXIX/Chapter131/Section5
us-md,Ducks,OPEN_SEASON,PARTIAL_GROUP_WITH_EXCLUSIONS,species:mallard|species:american-black-duck|species:wood-duck|species:northern-pintail|species:gadwall|species:american-wigeon|species:green-winged-teal|species:blue-winged-teal|species:northern-shoveler|species:canvasback|species:redhead|species:ring-necked-duck|species:greater-scaup|species:lesser-scaup|species:common-goldeneye|species:bufflehead|species:black-scoter|species:common-eider|species:common-merganser|species:hooded-merganser|species:king-eider|species:long-tailed-duck|species:red-breasted-merganser|species:ruddy-duck|species:surf-scoter|species:white-winged-scoter|species:eurasian-wigeon,species:harlequin-duck (closed by name in this jurisdiction),50 CFR 10.13 common-name groups / 50 CFR 20.11(a) families,https://www.eregulations.com/assets/docs/guides/26MDHD_LR5.pdf
us-md,native reptiles and amphibians listed in Regulation .03A,YEAR_ROUND,GROUP_RULE_LEGALLY_APPLICABLE,,,a broad legal class; members are not attributable from the source,https://regs.maryland.gov/us/md/exec/comar/08.03.11/index.full.html
us-me,Ducks Including all duck species unless listed in exceptions,OPEN_SEASON,UNRESOLVED,,,the source's exceptions need reading,https://www.maine.gov/ifw/docs/26-MDIFW-10-Migratory-stand-alone-2026-27.pdf
us-mi,Bear,UNVERIFIED_SEASON,BLOCKED_SOURCE,,,authority site blocked; statute stub only,https://www.legislature.mi.gov/Laws/MCL?objectName=mcl-324-40103
us-mi,Beaver,UNVERIFIED_SEASON,BLOCKED_SOURCE,,,authority site blocked; statute stub only,https://www.legislature.mi.gov/Laws/MCL?objectName=mcl-324-40103
us-mi,Brant,UNVERIFIED_SEASON,BLOCKED_SOURCE,,,authority site blocked; statute stub only,https://www.legislature.mi.gov/Laws/MCL?objectName=mcl-324-40103
us-mi,Coot,UNVERIFIED_SEASON,BLOCKED_SOURCE,,,authority site blocked; statute stub only,https://www.legislature.mi.gov/Laws/MCL?objectName=mcl-324-40103
us-mi,Crow,UNVERIFIED_SEASON,BLOCKED_SOURCE,,,authority site blocked; statute stub only,https://www.legislature.mi.gov/Laws/MCL?objectName=mcl-324-40103
us-mi,Deer,UNVERIFIED_SEASON,BLOCKED_SOURCE,,,authority site blocked; statute stub only,https://www.legislature.mi.gov/Laws/MCL?objectName=mcl-324-40103
us-mi,Duck,UNVERIFIED_SEASON,BLOCKED_SOURCE,,,authority site blocked; statute stub only,https://www.legislature.mi.gov/Laws/MCL?objectName=mcl-324-40103
us-mi,Elk,UNVERIFIED_SEASON,BLOCKED_SOURCE,,,authority site blocked; statute stub only,https://www.legislature.mi.gov/Laws/MCL?objectName=mcl-324-40103
us-mi,Fisher,UNVERIFIED_SEASON,BLOCKED_SOURCE,,,authority site blocked; statute stub only,https://www.legislature.mi.gov/Laws/MCL?objectName=mcl-324-40103
us-mi,Florida gallinule,UNVERIFIED_SEASON,BLOCKED_SOURCE,,,authority site blocked; statute stub only,https://www.legislature.mi.gov/Laws/MCL?objectName=mcl-324-40103
us-mi,Fox,UNVERIFIED_SEASON,BLOCKED_SOURCE,,,authority site blocked; statute stub only,https://www.legislature.mi.gov/Laws/MCL?objectName=mcl-324-40103
us-mi,Geese,UNVERIFIED_SEASON,BLOCKED_SOURCE,,,authority site blocked; statute stub only,https://www.legislature.mi.gov/Laws/MCL?objectName=mcl-324-40103
us-mi,Hare,UNVERIFIED_SEASON,BLOCKED_SOURCE,,,authority site blocked; statute stub only,https://www.legislature.mi.gov/Laws/MCL?objectName=mcl-324-40103
us-mi,Marten,UNVERIFIED_SEASON,BLOCKED_SOURCE,,,authority site blocked; statute stub only,https://www.legislature.mi.gov/Laws/MCL?objectName=mcl-324-40103
us-mi,Mink,UNVERIFIED_SEASON,BLOCKED_SOURCE,,,authority site blocked; statute stub only,https://www.legislature.mi.gov/Laws/MCL?objectName=mcl-324-40103
us-mi,Otter,UNVERIFIED_SEASON,BLOCKED_SOURCE,,,authority site blocked; statute stub only,https://www.legislature.mi.gov/Laws/MCL?objectName=mcl-324-40103
us-mi,Pheasant,UNVERIFIED_SEASON,BLOCKED_SOURCE,,,authority site blocked; statute stub only,https://www.legislature.mi.gov/Laws/MCL?objectName=mcl-324-40103
us-mi,Quail,UNVERIFIED_SEASON,BLOCKED_SOURCE,,,authority site blocked; statute stub only,https://www.legislature.mi.gov/Laws/MCL?objectName=mcl-324-40103
us-mi,Rabbit,UNVERIFIED_SEASON,BLOCKED_SOURCE,,,authority site blocked; statute stub only,https://www.legislature.mi.gov/Laws/MCL?objectName=mcl-324-40103
us-mi,Sharptailed grouse,UNVERIFIED_SEASON,BLOCKED_SOURCE,,,authority site blocked; statute stub only,https://www.legislature.mi.gov/Laws/MCL?objectName=mcl-324-40103
us-mi,Skunk,UNVERIFIED_SEASON,BLOCKED_SOURCE,,,authority site blocked; statute stub only,https://www.legislature.mi.gov/Laws/MCL?objectName=mcl-324-40103
us-mi,Snipe,UNVERIFIED_SEASON,BLOCKED_SOURCE,,,authority site blocked; statute stub only,https://www.legislature.mi.gov/Laws/MCL?objectName=mcl-324-40103
us-mi,Sora rail,UNVERIFIED_SEASON,BLOCKED_SOURCE,,,authority site blocked; statute stub only,https://www.legislature.mi.gov/Laws/MCL?objectName=mcl-324-40103
us-mi,Squirrel,UNVERIFIED_SEASON,BLOCKED_SOURCE,,,authority site blocked; statute stub only,https://www.legislature.mi.gov/Laws/MCL?objectName=mcl-324-40103
us-mi,Virginia rail,UNVERIFIED_SEASON,BLOCKED_SOURCE,,,authority site blocked; statute stub only,https://www.legislature.mi.gov/Laws/MCL?objectName=mcl-324-40103
us-mi,Weasel,UNVERIFIED_SEASON,BLOCKED_SOURCE,,,authority site blocked; statute stub only,https://www.legislature.mi.gov/Laws/MCL?objectName=mcl-324-40103
us-mi,Woodcock,UNVERIFIED_SEASON,BLOCKED_SOURCE,,,authority site blocked; statute stub only,https://www.legislature.mi.gov/Laws/MCL?objectName=mcl-324-40103
us-mn,All other species of turtles,CLOSED_THIS_YEAR,GROUP_RULE_LEGALLY_APPLICABLE,,,a broad legal class; members are not attributable from the source,https://www.dnr.state.mn.us/regulations/fishing/index.html
us-mn,Antelope,CLOSED_THIS_YEAR,UNRESOLVED,,,no authoritative membership for this group in the sources read,https://files.dnr.state.mn.us/rlp/regulations/hunting/full_regs.pdf
us-mn,Badger,OPEN_SEASON,SPECIES_ATTRIBUTED,species:american-badger,,the row names this species,https://files.dnr.state.mn.us/rlp/regulations/hunting/full_regs.pdf
us-mn,Beaver,OPEN_SEASON,SPECIES_ATTRIBUTED,species:beaver,,the row names this species,https://files.dnr.state.mn.us/rlp/regulations/hunting/full_regs.pdf
us-mn,Black bear,PERMIT_OR_DRAW,SPECIES_ATTRIBUTED,species:american-black-bear,,the row names this species,https://files.dnr.state.mn.us/rlp/regulations/hunting/full_regs.pdf
us-mn,Black duck,OPEN_SEASON,SPECIES_ATTRIBUTED,species:american-black-duck,,the row names this species,https://files.dnr.state.mn.us/rlp/regulations/hunting/full_regs.pdf
us-mn,Blue-winged teal,OPEN_SEASON,SPECIES_ATTRIBUTED,species:blue-winged-teal,,the row names this species,https://files.dnr.state.mn.us/rlp/regulations/hunting/full_regs.pdf
us-mn,Brant,OPEN_SEASON,SPECIES_ATTRIBUTED,species:brant,,the row names this species,https://files.dnr.state.mn.us/rlp/regulations/hunting/full_regs.pdf
us-mn,Canada goose,OPEN_SEASON,SPECIES_ATTRIBUTED,species:canada-goose,,the row names this species,https://files.dnr.state.mn.us/rlp/regulations/hunting/full_regs.pdf
us-mn,Canvasback,OPEN_SEASON,SPECIES_ATTRIBUTED,species:canvasback,,the row names this species,https://files.dnr.state.mn.us/rlp/regulations/hunting/full_regs.pdf
us-mn,Caribou,CLOSED_THIS_YEAR,PARTIAL_GROUP_WITH_EXCLUSIONS,,species:caribou (closed by name in this jurisdiction),the row names this species,https://files.dnr.state.mn.us/rlp/regulations/hunting/full_regs.pdf
us-mn,Chukar partridge,UNPROTECTED,SPECIES_ATTRIBUTED,species:chukar,,the row names this species,https://files.dnr.state.mn.us/rlp/regulations/hunting/full_regs.pdf
us-mn,Cinnamon teal,OPEN_SEASON,SPECIES_ATTRIBUTED,species:cinnamon-teal,,the row names this species,https://files.dnr.state.mn.us/rlp/regulations/hunting/full_regs.pdf
us-mn,Common pigeon,UNPROTECTED,SPECIES_ATTRIBUTED,species:rock-pigeon,,the row names this species,https://files.dnr.state.mn.us/rlp/regulations/hunting/full_regs.pdf
us-mn,Coot and moorhen (gallinules),OPEN_SEASON,SPECIES_ATTRIBUTED,species:common-gallinule,,the row names this species,https://files.dnr.state.mn.us/rlp/regulations/hunting/full_regs.pdf
us-mn,Cottontail rabbit,OPEN_SEASON,SPECIES_ATTRIBUTED,species:eastern-cottontail,,"plain meaning of ""cottontail rabbit"", restricted to species NatureServe records here",https://files.dnr.state.mn.us/rlp/regulations/hunting/full_regs.pdf
us-mn,Cougar,CLOSED_THIS_YEAR,SPECIES_ATTRIBUTED,species:mountain-lion,,the row names this species,https://files.dnr.state.mn.us/rlp/regulations/hunting/full_regs.pdf
us-mn,Coyote,UNPROTECTED,SPECIES_ATTRIBUTED,species:coyote,,the row names this species,https://files.dnr.state.mn.us/rlp/regulations/hunting/full_regs.pdf
us-mn,Crow,OPEN_SEASON,SPECIES_ATTRIBUTED,species:american-crow,,the row names this species,https://files.dnr.state.mn.us/rlp/regulations/hunting/full_regs.pdf
us-mn,Duck,OPEN_SEASON,SPECIES_ATTRIBUTED,species:mallard|species:american-black-duck|species:wood-duck|species:northern-pintail|species:gadwall|species:american-wigeon|species:green-winged-teal|species:blue-winged-teal|species:northern-shoveler|species:canvasback|species:redhead|species:ring-necked-duck|species:greater-scaup|species:lesser-scaup|species:common-goldeneye|species:bufflehead|species:black-scoter|species:cinnamon-teal|species:common-merganser|species:harlequin-duck|species:hooded-merganser|species:long-tailed-duck|species:red-breasted-merganser|species:ruddy-duck|species:surf-scoter|species:white-winged-scoter,,50 CFR 10.13 common-name groups / 50 CFR 20.11(a) families,https://files.dnr.state.mn.us/rlp/regulations/hunting/full_regs.pdf
us-mn,Elk,PERMIT_OR_DRAW,SPECIES_ATTRIBUTED,species:elk,,the row names this species,https://files.dnr.state.mn.us/rlp/regulations/hunting/full_regs.pdf
us-mn,Fisher,OPEN_SEASON,SPECIES_ATTRIBUTED,species:fisher,,the row names this species,https://files.dnr.state.mn.us/rlp/regulations/hunting/full_regs.pdf
us-mn,Frogs,OPEN_SEASON,UNRESOLVED,,,no authoritative membership for this group in the sources read,https://www.dnr.state.mn.us/regulations/fishing/index.html
us-mn,Gray and fox squirrel,OPEN_SEASON,UNRESOLVED,,,no authoritative membership for this group in the sources read,https://files.dnr.state.mn.us/rlp/regulations/hunting/full_regs.pdf
us-mn,Green-winged teal,OPEN_SEASON,SPECIES_ATTRIBUTED,species:green-winged-teal,,the row names this species,https://files.dnr.state.mn.us/rlp/regulations/hunting/full_regs.pdf
us-mn,Hooded merganser,OPEN_SEASON,SPECIES_ATTRIBUTED,species:hooded-merganser,,the row names this species,https://files.dnr.state.mn.us/rlp/regulations/hunting/full_regs.pdf
us-mn,House sparrow,UNPROTECTED,SPECIES_ATTRIBUTED,species:house-sparrow,,the row names this species,https://files.dnr.state.mn.us/rlp/regulations/hunting/full_regs.pdf
us-mn,Hungarian partridge,OPEN_SEASON,SPECIES_ATTRIBUTED,species:gray-partridge,,the row names this species,https://files.dnr.state.mn.us/rlp/regulations/hunting/full_regs.pdf
us-mn,Jack rabbit,OPEN_SEASON,SPECIES_ATTRIBUTED,species:white-tailed-jackrabbit,,"plain meaning of ""jack rabbit"", restricted to species NatureServe records here",https://files.dnr.state.mn.us/rlp/regulations/hunting/full_regs.pdf
us-mn,Long-tailed and short-tailed weasels,OPEN_SEASON,UNRESOLVED,,,no authoritative membership for this group in the sources read,https://files.dnr.state.mn.us/rlp/regulations/hunting/full_regs.pdf
us-mn,Lynx,CLOSED_THIS_YEAR,SPECIES_ATTRIBUTED,species:canada-lynx,,"plain meaning of ""lynx"", restricted to species NatureServe records here",https://files.dnr.state.mn.us/rlp/regulations/hunting/full_regs.pdf
us-mn,Mallard,OPEN_SEASON,SPECIES_ATTRIBUTED,species:mallard,,the row names this species,https://files.dnr.state.mn.us/rlp/regulations/hunting/full_regs.pdf
us-mn,Mammals for which there are no closed seasons or other protection,UNPROTECTED,UNRESOLVED,,,no authoritative membership for this group in the sources read,https://files.dnr.state.mn.us/rlp/regulations/hunting/full_regs.pdf
us-mn,Merganser,OPEN_SEASON,SPECIES_ATTRIBUTED,species:common-merganser,,the row names this species,https://files.dnr.state.mn.us/rlp/regulations/hunting/full_regs.pdf
us-mn,Mink,OPEN_SEASON,SPECIES_ATTRIBUTED,species:american-mink,,the row names this species,https://files.dnr.state.mn.us/rlp/regulations/hunting/full_regs.pdf
us-mn,Monk parakeet,UNPROTECTED,UNRESOLVED,,,no authoritative membership for this group in the sources read,https://files.dnr.state.mn.us/rlp/regulations/hunting/full_regs.pdf
us-mn,Moose,CLOSED_THIS_YEAR,PARTIAL_GROUP_WITH_EXCLUSIONS,,species:moose (closed by name in this jurisdiction),the row names this species,https://files.dnr.state.mn.us/rlp/regulations/hunting/full_regs.pdf
us-mn,Mourning dove,OPEN_SEASON,SPECIES_ATTRIBUTED,species:mourning-dove,,the row names this species,https://files.dnr.state.mn.us/rlp/regulations/hunting/full_regs.pdf
us-mn,Muskrat,OPEN_SEASON,SPECIES_ATTRIBUTED,species:muskrat,,the row names this species,https://files.dnr.state.mn.us/rlp/regulations/hunting/full_regs.pdf
us-mn,Northern bobwhite,CLOSED_THIS_YEAR,PARTIAL_GROUP_WITH_EXCLUSIONS,,species:northern-bobwhite (closed by name in this jurisdiction),the row names this species,https://files.dnr.state.mn.us/rlp/regulations/hunting/full_regs.pdf
us-mn,Opossum,OPEN_SEASON,SPECIES_ATTRIBUTED,species:virginia-opossum,,"plain meaning of ""opossum"", restricted to species NatureServe records here",https://files.dnr.state.mn.us/rlp/regulations/hunting/full_regs.pdf
us-mn,Otter,OPEN_SEASON,SPECIES_ATTRIBUTED,species:north-american-river-otter,,"plain meaning of ""otter"", restricted to species NatureServe records here",https://files.dnr.state.mn.us/rlp/regulations/hunting/full_regs.pdf
us-mn,Pheasant,OPEN_SEASON,SPECIES_ATTRIBUTED,species:ring-necked-pheasant,species:green-pheasant (no occurrence record),"plain meaning of ""pheasant"", restricted to species NatureServe records here",https://files.dnr.state.mn.us/rlp/regulations/hunting/full_regs.pdf
us-mn,Pine marten,OPEN_SEASON,SPECIES_ATTRIBUTED,species:american-marten,,the row names this species,https://files.dnr.state.mn.us/rlp/regulations/hunting/full_regs.pdf
us-mn,Pintail,OPEN_SEASON,SPECIES_ATTRIBUTED,species:northern-pintail,,the row names this species,https://files.dnr.state.mn.us/rlp/regulations/hunting/full_regs.pdf
us-mn,Plains pocket gopher,UNPROTECTED,NOT_RELEVANT,,,excluded taxa (take-exclusions.csv),https://files.dnr.state.mn.us/rlp/regulations/hunting/full_regs.pdf
us-mn,Porcupine,UNPROTECTED,SPECIES_ATTRIBUTED,species:north-american-porcupine,,the row names this species,https://files.dnr.state.mn.us/rlp/regulations/hunting/full_regs.pdf
us-mn,Prairie chicken,PERMIT_OR_DRAW,SPECIES_ATTRIBUTED,species:greater-prairie-chicken,,"plain meaning of ""prairie chicken"", restricted to species NatureServe records here",https://files.dnr.state.mn.us/rlp/regulations/hunting/full_regs.pdf
us-mn,"Protected nongame birds (hawks, owls, eagles, herons, bitterns, cormorants, loons, grebes)",CLOSED_THIS_YEAR,NOT_RELEVANT,,,"raptors: falconry capture or protection, not quarry take",https://files.dnr.state.mn.us/rlp/regulations/hunting/full_regs.pdf
us-mn,Quail other than northern bobwhite,UNPROTECTED,UNRESOLVED,,,the source's exceptions need reading,https://files.dnr.state.mn.us/rlp/regulations/hunting/full_regs.pdf
us-mn,Redhead,OPEN_SEASON,SPECIES_ATTRIBUTED,species:redhead,,the row names this species,https://files.dnr.state.mn.us/rlp/regulations/hunting/full_regs.pdf
us-mn,Salamanders (including mudpuppies),CLOSED_THIS_YEAR,UNRESOLVED,,,no authoritative membership for this group in the sources read,https://www.dnr.state.mn.us/regulations/fishing/index.html
us-mn,Sandhill crane,PERMIT_OR_DRAW,SPECIES_ATTRIBUTED,species:sandhill-crane,,the row names this species,https://files.dnr.state.mn.us/rlp/regulations/hunting/full_regs.pdf
us-mn,Scaup (bluebill),OPEN_SEASON,SPECIES_ATTRIBUTED,species:greater-scaup|species:lesser-scaup,,50 CFR 10.13 common-name groups / 50 CFR 20.11(a) families,https://files.dnr.state.mn.us/rlp/regulations/hunting/full_regs.pdf
us-mn,Sharp-tailed grouse,OPEN_SEASON,SPECIES_ATTRIBUTED,species:sharp-tailed-grouse,,the row names this species,https://files.dnr.state.mn.us/rlp/regulations/hunting/full_regs.pdf
us-mn,"Snow, blue snow and Ross's goose",OPEN_SEASON,UNRESOLVED,,,no authoritative membership for this group in the sources read,https://files.dnr.state.mn.us/rlp/regulations/hunting/full_regs.pdf
us-mn,"Spotted skunk (""civet cat"")",CLOSED_THIS_YEAR,UNRESOLVED,,,no authoritative membership for this group in the sources read,https://files.dnr.state.mn.us/rlp/regulations/hunting/full_regs.pdf
us-mn,Spruce grouse,OPEN_SEASON,SPECIES_ATTRIBUTED,species:spruce-grouse,,the row names this species,https://files.dnr.state.mn.us/rlp/regulations/hunting/full_regs.pdf
us-mn,Starling,UNPROTECTED,SPECIES_ATTRIBUTED,species:european-starling,,the row names this species,https://files.dnr.state.mn.us/rlp/regulations/hunting/full_regs.pdf
us-mn,Striped skunk,UNPROTECTED,SPECIES_ATTRIBUTED,species:striped-skunk,,the row names this species,https://files.dnr.state.mn.us/rlp/regulations/hunting/full_regs.pdf
us-mn,Trumpeter swan,CLOSED_THIS_YEAR,PARTIAL_GROUP_WITH_EXCLUSIONS,,species:trumpeter-swan (closed by name in this jurisdiction),the row names this species,https://files.dnr.state.mn.us/rlp/regulations/hunting/full_regs.pdf
us-mn,Tundra swan,CLOSED_THIS_YEAR,PARTIAL_GROUP_WITH_EXCLUSIONS,,species:tundra-swan (closed by name in this jurisdiction),the row names this species,https://files.dnr.state.mn.us/rlp/regulations/hunting/full_regs.pdf
us-mn,Western painted turtle,OPEN_SEASON,SPECIES_ATTRIBUTED,species:painted-turtle,,the row names this species,https://www.dnr.state.mn.us/regulations/fishing/index.html
us-mn,White-fronted goose,OPEN_SEASON,SPECIES_ATTRIBUTED,species:greater-white-fronted-goose,,the row names this species,https://files.dnr.state.mn.us/rlp/regulations/hunting/full_regs.pdf
us-mn,Wild turkey,OPEN_SEASON,SPECIES_ATTRIBUTED,species:wild-turkey,,the row names this species,https://files.dnr.state.mn.us/rlp/regulations/hunting/full_regs.pdf
us-mn,Wilson's snipe,OPEN_SEASON,SPECIES_ATTRIBUTED,species:wilsons-snipe,,the row names this species,https://files.dnr.state.mn.us/rlp/regulations/hunting/full_regs.pdf
us-mn,Wolf,CLOSED_THIS_YEAR,SPECIES_ATTRIBUTED,species:eastern-wolf,,the row names this species,https://files.dnr.state.mn.us/rlp/regulations/hunting/full_regs.pdf
us-mn,Wolverine,CLOSED_THIS_YEAR,PARTIAL_GROUP_WITH_EXCLUSIONS,,species:wolverine (closed by name in this jurisdiction),the row names this species,https://files.dnr.state.mn.us/rlp/regulations/hunting/full_regs.pdf
us-mn,Wood duck,OPEN_SEASON,SPECIES_ATTRIBUTED,species:wood-duck,,the row names this species,https://files.dnr.state.mn.us/rlp/regulations/hunting/full_regs.pdf
us-mn,Woodchuck,UNPROTECTED,SPECIES_ATTRIBUTED,species:woodchuck,,the row names this species,https://files.dnr.state.mn.us/rlp/regulations/hunting/full_regs.pdf
us-mn,Woodcock,OPEN_SEASON,SPECIES_ATTRIBUTED,species:american-woodcock,,the row names this species,https://files.dnr.state.mn.us/rlp/regulations/hunting/full_regs.pdf
us-mo,Bullfrog and Green Frog,OPEN_SEASON,UNRESOLVED,,,no authoritative membership for this group in the sources read,https://mdc.mo.gov/sites/default/files/2026-02/Hunting%20Trapping%20Summ%202026_508.pdf
us-mo,Cricket frog,YEAR_ROUND,SPECIES_ATTRIBUTED,species:northern-cricket-frog,,the row names this species,https://mdc.mo.gov/fishing/species/turtle/turtle-regulations
us-mo,Ducks,OPEN_SEASON,SPECIES_ATTRIBUTED,species:mallard|species:american-black-duck|species:wood-duck|species:northern-pintail|species:gadwall|species:american-wigeon|species:green-winged-teal|species:blue-winged-teal|species:northern-shoveler|species:canvasback|species:redhead|species:ring-necked-duck|species:greater-scaup|species:lesser-scaup|species:common-goldeneye|species:bufflehead|species:black-scoter|species:common-merganser|species:hooded-merganser|species:long-tailed-duck|species:red-breasted-merganser|species:ruddy-duck|species:surf-scoter,,50 CFR 10.13 common-name groups / 50 CFR 20.11(a) families,https://mdc.mo.gov/hunting-trapping/regulations
us-mo,Jackrabbit,CLOSED_THIS_YEAR,SPECIES_ATTRIBUTED,species:black-tailed-jackrabbit,,"plain meaning of ""jackrabbit"", restricted to species NatureServe records here",https://mdc.mo.gov/sites/default/files/2026-02/Hunting%20Trapping%20Summ%202026_508.pdf
us-mo,"Light geese (snow, blue, and Ross's)",OPEN_SEASON,SPECIES_ATTRIBUTED,species:snow-goose|species:rosss-goose,,the source enumerates its members,https://mdc.mo.gov/hunting-trapping/regulations
us-mo,Light Goose Conservation Order,OPEN_SEASON,UNRESOLVED,,,no authoritative membership for this group in the sources read,https://mdc.mo.gov/hunting-trapping/regulations
us-mo,Scaup (greater and lesser combined),OPEN_SEASON,SPECIES_ATTRIBUTED,species:greater-scaup|species:lesser-scaup,,the source enumerates its members,https://mdc.mo.gov/hunting-trapping/regulations
us-mo,Soft-shelled turtles,OPEN_SEASON,SPECIES_ATTRIBUTED,species:spiny-softshell|species:smooth-softshell-turtle,,"plain meaning of ""soft-shelled turtle"", restricted to species NatureServe records here",https://mdc.mo.gov/fishing/species/turtle
us-mo,"Teal (blue-winged, green-winged, cinnamon)",OPEN_SEASON,SPECIES_ATTRIBUTED,species:blue-winged-teal|species:green-winged-teal,,the source enumerates its members,https://mdc.mo.gov/hunting-trapping/regulations
us-ms,Coots,OPEN_SEASON,SPECIES_ATTRIBUTED,species:american-coot,,the row names this species,https://www.mdwfp.com/sites/default/files/2026-05/Migratory%20Gamebird%20Digest%2026-27_3.pdf
us-ms,Crows,OPEN_SEASON,SPECIES_ATTRIBUTED,species:american-crow,,the row names this species,https://www.mdwfp.com/sites/default/files/2026-06/2026-2027%20hunting%20seasons.pdf
us-ms,Ducks,OPEN_SEASON,SPECIES_ATTRIBUTED,species:mallard|species:american-black-duck|species:wood-duck|species:northern-pintail|species:gadwall|species:american-wigeon|species:green-winged-teal|species:blue-winged-teal|species:northern-shoveler|species:canvasback|species:redhead|species:ring-necked-duck|species:greater-scaup|species:lesser-scaup|species:common-goldeneye|species:bufflehead|species:hooded-merganser|species:long-tailed-duck|species:red-breasted-merganser|species:ruddy-duck|species:surf-scoter|species:white-winged-scoter|species:mottled-duck|species:black-bellied-whistling-duck|species:muscovy-duck,,50 CFR 10.13 common-name groups / 50 CFR 20.11(a) families,https://www.mdwfp.com/sites/default/files/2026-05/Migratory%20Gamebird%20Digest%2026-27_3.pdf
us-ms,"English sparrow, starling, blackbirds",UNPROTECTED,UNRESOLVED,,,no authoritative membership for this group in the sources read,https://www.mdwfp.com/wildlife-hunting/general-hunting-rules-regulations
us-ms,Fox,YEAR_ROUND,SPECIES_ATTRIBUTED,species:red-fox|species:gray-fox,,"plain meaning of ""fox"", restricted to species NatureServe records here",https://www.mdwfp.com/wildlife-hunting/general-hunting-rules-regulations/nuisance-species-regulations
us-ms,"Frog (bullfrog, pig frog, bronze frog)",OPEN_SEASON,SPECIES_ATTRIBUTED,species:american-bullfrog|species:pig-frog|species:green-frog,,the source enumerates its members,https://www.mdwfp.com/sites/default/files/2026-06/2026-2027%20hunting%20seasons.pdf
us-ms,Mergansers,OPEN_SEASON,SPECIES_ATTRIBUTED,species:common-merganser,,the row names this species,https://www.mdwfp.com/sites/default/files/2026-05/Migratory%20Gamebird%20Digest%2026-27_3.pdf
us-ms,Rabbit,OPEN_SEASON,SPECIES_ATTRIBUTED,species:eastern-cottontail|species:swamp-rabbit,,"plain meaning of ""rabbit"", restricted to species NatureServe records here",https://www.mdwfp.com/sites/default/files/2026-06/2026-2027%20hunting%20seasons.pdf
us-ms,"Sawback turtles (black-knobbed, ringed, yellow-blotched)",CLOSED_THIS_YEAR,UNRESOLVED,,,no authoritative membership for this group in the sources read,https://www.mdwfp.com/wildlife-hunting/general-hunting-rules-regulations
us-ms,Scaup,OPEN_SEASON,SPECIES_ATTRIBUTED,species:greater-scaup|species:lesser-scaup,,50 CFR 10.13 common-name groups / 50 CFR 20.11(a) families,https://www.mdwfp.com/sites/default/files/2026-05/Migratory%20Gamebird%20Digest%2026-27_3.pdf
us-ms,Sea turtles (all),CLOSED_THIS_YEAR,NOT_RELEVANT,,,"protected list, no take",https://www.mdwfp.com/wildlife-hunting/general-hunting-rules-regulations
us-ms,Skunk,YEAR_ROUND,SPECIES_ATTRIBUTED,species:striped-skunk|species:eastern-spotted-skunk,,"plain meaning of ""skunk"", restricted to species NatureServe records here",https://www.mdwfp.com/wildlife-hunting/general-hunting-rules-regulations/nuisance-species-regulations
us-ms,Snipe,OPEN_SEASON,SPECIES_ATTRIBUTED,species:wilsons-snipe,,50 CFR 10.13 common-name groups / 50 CFR 20.11(a) families,https://www.mdwfp.com/sites/default/files/2026-06/2026-2027%20hunting%20seasons.pdf
us-ms,"Snow, blue and Ross' geese",OPEN_SEASON,SPECIES_ATTRIBUTED,species:snow-goose,,50 CFR 10.13 common-name groups / 50 CFR 20.11(a) families,https://www.mdwfp.com/sites/default/files/2026-05/Migratory%20Gamebird%20Digest%2026-27_3.pdf
us-ms,Squirrel,OPEN_SEASON,UNRESOLVED,,,no authoritative membership for this group in the sources read,https://www.mdwfp.com/sites/default/files/2026-06/2026-2027%20hunting%20seasons.pdf
us-ms,Teal (September season),OPEN_SEASON,SPECIES_ATTRIBUTED,species:blue-winged-teal|species:green-winged-teal,,50 CFR 10.13 common-name groups / 50 CFR 20.11(a) families,https://www.mdwfp.com/sites/default/files/2026-06/2026-2027%20hunting%20seasons.pdf
us-ms,Weasel,OPEN_SEASON,SPECIES_ATTRIBUTED,species:long-tailed-weasel,,"plain meaning of ""weasel"", restricted to species NatureServe records here",https://www.mdwfp.com/wildlife-hunting/furbearer-trapping
us-mt,Civet cat (spotted skunk),UNPROTECTED,SPECIES_ATTRIBUTED,species:western-spotted-skunk,,the row names this species,https://fwp.mt.gov/hunt/regulations/predator-shooting
us-mt,Dark geese (all other geese),OPEN_SEASON,SPECIES_ATTRIBUTED,species:canada-goose|species:cackling-goose|species:greater-white-fronted-goose,,50 CFR 10.13 common-name groups / 50 CFR 20.11(a) families,https://fwp.mt.gov/binaries/content/assets/fwp/hunt/regulations/2026/2026-mig-bird--webless-final-for-web.pdf
us-mt,Ducks (including Mergansers),OPEN_SEASON,SPECIES_ATTRIBUTED,species:mallard|species:wood-duck|species:northern-pintail|species:gadwall|species:american-wigeon|species:green-winged-teal|species:blue-winged-teal|species:northern-shoveler|species:canvasback|species:redhead|species:ring-necked-duck|species:greater-scaup|species:lesser-scaup|species:common-goldeneye|species:barrows-goldeneye|species:bufflehead|species:cinnamon-teal|species:common-merganser|species:harlequin-duck|species:hooded-merganser|species:red-breasted-merganser|species:ruddy-duck|species:eurasian-wigeon,,50 CFR 10.13 common-name groups / 50 CFR 20.11(a) families,https://fwp.mt.gov/binaries/content/assets/fwp/hunt/regulations/2026/2026-mig-bird--webless-final-for-web.pdf
us-mt,Hares,UNPROTECTED,SPECIES_ATTRIBUTED,species:snowshoe-hare,,"plain meaning of ""hare"", restricted to species NatureServe records here",https://fwp.mt.gov/hunt/regulations/nongame-shooting
us-mt,Marmots,UNPROTECTED,SPECIES_ATTRIBUTED,species:yellow-bellied-marmot|species:hoary-marmot,,"plain meaning of ""marmot"", restricted to species NatureServe records here",https://fwp.mt.gov/hunt/regulations/nongame-shooting
us-mt,Nongame wildlife,UNPROTECTED,GROUP_RULE_LEGALLY_APPLICABLE,,,a broad legal class; members are not attributable from the source,https://fwp.mt.gov/binaries/content/assets/fwp/hunt/regulations/2026/2026-wolf-and-furbearer-final-for-web.pdf
us-mt,Ptarmigan,CLOSED_THIS_YEAR,SPECIES_ATTRIBUTED,species:white-tailed-ptarmigan,,"plain meaning of ""ptarmigan"", restricted to species NatureServe records here",https://fwp.mt.gov/binaries/content/assets/fwp/hunt/regulations/2026/2026-upgbrd-final-for-web.pdf
us-mt,Rabbits,UNPROTECTED,PARTIAL_GROUP_WITH_EXCLUSIONS,species:eastern-cottontail|species:desert-cottontail|species:mountain-cottontail|species:european-rabbit,species:pygmy-rabbit (eligibility LIMITED_TAKE),"plain meaning of ""rabbit"", restricted to species NatureServe records here",https://fwp.mt.gov/hunt/regulations/nongame-shooting
us-mt,Swan,PERMIT_OR_DRAW,PARTIAL_GROUP_WITH_EXCLUSIONS,species:tundra-swan,species:trumpeter-swan (eligibility LIMITED_TAKE),50 CFR 10.13 common-name groups / 50 CFR 20.11(a) families,https://fwp.mt.gov/binaries/content/assets/fwp/hunt/regulations/2026/2026-mig-bird--webless-final-for-web.pdf
us-mt,Tree squirrels,UNPROTECTED,SPECIES_ATTRIBUTED,species:american-red-squirrel|species:eastern-gray-squirrel|species:fox-squirrel,,"plain meaning of ""tree squirrel"", restricted to species NatureServe records here",https://fwp.mt.gov/hunt/regulations/nongame-shooting
us-mt,Weasel,UNPROTECTED,SPECIES_ATTRIBUTED,species:least-weasel|species:long-tailed-weasel|species:american-ermine,,"plain meaning of ""weasel"", restricted to species NatureServe records here",https://fwp.mt.gov/hunt/regulations/predator-shooting
us-nc,Ducks,OPEN_SEASON,PARTIAL_GROUP_WITH_EXCLUSIONS,species:mallard|species:american-black-duck|species:wood-duck|species:northern-pintail|species:gadwall|species:american-wigeon|species:green-winged-teal|species:northern-shoveler|species:canvasback|species:redhead|species:ring-necked-duck|species:greater-scaup|species:lesser-scaup|species:common-goldeneye|species:bufflehead|species:black-scoter|species:common-eider|species:common-merganser|species:hooded-merganser|species:king-eider|species:long-tailed-duck|species:red-breasted-merganser|species:ruddy-duck|species:surf-scoter|species:white-winged-scoter|species:fulvous-whistling-duck|species:eurasian-wigeon,species:harlequin-duck (closed by name in this jurisdiction),50 CFR 10.13 common-name groups / 50 CFR 20.11(a) families,https://www.ncwildlife.gov/media/5176/download?attachment
us-nc,eiders,OPEN_SEASON,SPECIES_ATTRIBUTED,species:common-eider,,the row names this species,https://www.ncwildlife.gov/media/5176/download?attachment
us-nc,Foxes (Gray and Red),OPEN_SEASON,UNRESOLVED,,,no authoritative membership for this group in the sources read,http://reports.oah.state.nc.us/ncac/title%2015a%20-%20environmental%20quality/chapter%2010%20-%20wildlife%20resources%20and%20water%20safety/subchapter%20b/subchapter%20b%20rules.pdf
us-nc,Gallinule & Moorhens,OPEN_SEASON,SPECIES_ATTRIBUTED,species:common-gallinule|species:purple-gallinule,,50 CFR 10.13 common-name groups / 50 CFR 20.11(a) families,https://www.ncwildlife.gov/media/5176/download?attachment
us-nc,Light Geese (Includes Snow Geese and Ross's Geese),OPEN_SEASON,SPECIES_ATTRIBUTED,species:snow-goose|species:rosss-goose,,50 CFR 10.13 common-name groups / 50 CFR 20.11(a) families,https://www.ncwildlife.gov/media/5176/download?attachment
us-nc,mergansers,OPEN_SEASON,SPECIES_ATTRIBUTED,species:common-merganser,,the row names this species,https://www.ncwildlife.gov/media/5176/download?attachment
us-nc,native reptile species / amphibian species (personal use),UNPROTECTED,GROUP_RULE_LEGALLY_APPLICABLE,,,a broad legal class; members are not attributable from the source,http://reports.oah.state.nc.us/ncac/title%2015a%20-%20environmental%20quality/chapter%2010%20-%20wildlife%20resources%20and%20water%20safety/subchapter%20b/subchapter%20b%20rules.pdf
us-nc,scaup,OPEN_SEASON,SPECIES_ATTRIBUTED,species:greater-scaup|species:lesser-scaup,,50 CFR 10.13 common-name groups / 50 CFR 20.11(a) families,https://www.ncwildlife.gov/media/5176/download?attachment
us-nc,scoters,OPEN_SEASON,SPECIES_ATTRIBUTED,species:black-scoter|species:surf-scoter|species:white-winged-scoter,,50 CFR 10.13 common-name groups / 50 CFR 20.11(a) families,https://www.ncwildlife.gov/media/5176/download?attachment
us-nc,September Teal,OPEN_SEASON,SPECIES_ATTRIBUTED,species:green-winged-teal,,50 CFR 10.13 common-name groups / 50 CFR 20.11(a) families,https://www.ncwildlife.gov/media/5176/download?attachment
us-nc,Weasel,OPEN_SEASON,SPECIES_ATTRIBUTED,species:least-weasel|species:long-tailed-weasel,,"plain meaning of ""weasel"", restricted to species NatureServe records here",http://reports.oah.state.nc.us/ncac/title%2015a%20-%20environmental%20quality/chapter%2010%20-%20wildlife%20resources%20and%20water%20safety/subchapter%20b/subchapter%20b%20rules.pdf
us-nd,Ducks,OPEN_SEASON,SPECIES_ATTRIBUTED,species:mallard|species:american-black-duck|species:wood-duck|species:northern-pintail|species:gadwall|species:american-wigeon|species:green-winged-teal|species:blue-winged-teal|species:northern-shoveler|species:canvasback|species:redhead|species:ring-necked-duck|species:greater-scaup|species:lesser-scaup|species:common-goldeneye|species:bufflehead|species:black-scoter|species:cinnamon-teal|species:common-merganser|species:hooded-merganser|species:long-tailed-duck|species:red-breasted-merganser|species:ruddy-duck|species:surf-scoter,,50 CFR 10.13 common-name groups / 50 CFR 20.11(a) families,https://gf.nd.gov/hunting/proclamations/current/small-game
us-nd,Frogs,YEAR_ROUND,UNRESOLVED,,,no authoritative membership for this group in the sources read,https://gf.nd.gov/regulations/fishing
us-nd,ground squirrel,UNPROTECTED,SPECIES_ATTRIBUTED,species:richardsons-ground-squirrel|species:thirteen-lined-ground-squirrel,,"plain meaning of ""ground squirrel"", restricted to species NatureServe records here",https://gf.nd.gov/hunting/other-species
us-nd,Mergansers,OPEN_SEASON,SPECIES_ATTRIBUTED,species:common-merganser,,the row names this species,https://gf.nd.gov/hunting/proclamations/current/small-game
us-nd,rabbit,UNPROTECTED,SPECIES_ATTRIBUTED,species:eastern-cottontail|species:desert-cottontail,,"plain meaning of ""rabbit"", restricted to species NatureServe records here",https://gf.nd.gov/hunting/other-species
us-nd,Salamanders,YEAR_ROUND,UNRESOLVED,,,no authoritative membership for this group in the sources read,https://gf.nd.gov/regulations/fishing
us-nd,skunk,UNPROTECTED,SPECIES_ATTRIBUTED,species:striped-skunk,,"plain meaning of ""skunk"", restricted to species NatureServe records here",https://gf.nd.gov/hunting/other-species
us-nd,Tree Squirrels,OPEN_SEASON,SPECIES_ATTRIBUTED,species:american-red-squirrel|species:eastern-gray-squirrel|species:fox-squirrel,,"plain meaning of ""tree squirrel"", restricted to species NatureServe records here",https://gf.nd.gov/hunting/proclamations/current/small-game
us-nd,Weasel,OPEN_SEASON,SPECIES_ATTRIBUTED,species:least-weasel|species:long-tailed-weasel|species:american-ermine,,"plain meaning of ""weasel"", restricted to species NatureServe records here",https://gf.nd.gov/hunting/proclamations/current/small-game
us-ne,Ducks (including mergansers),OPEN_SEASON,SPECIES_ATTRIBUTED,species:mallard|species:american-black-duck|species:wood-duck|species:northern-pintail|species:gadwall|species:american-wigeon|species:green-winged-teal|species:blue-winged-teal|species:northern-shoveler|species:canvasback|species:redhead|species:ring-necked-duck|species:greater-scaup|species:lesser-scaup|species:common-goldeneye|species:bufflehead|species:black-scoter|species:cinnamon-teal|species:common-merganser|species:hooded-merganser|species:long-tailed-duck|species:red-breasted-merganser|species:ruddy-duck|species:white-winged-scoter,,50 CFR 10.13 common-name groups / 50 CFR 20.11(a) families,https://govdocs.nebraska.gov/epubs/G1000/H040-202526.pdf
us-ne,Quail,OPEN_SEASON,SPECIES_ATTRIBUTED,species:northern-bobwhite,,"plain meaning of ""quail"", restricted to species NatureServe records here",https://govdocs.nebraska.gov/epubs/G1000/H040-202526.pdf
us-nh,American marten,CLOSED_THIS_YEAR,PARTIAL_GROUP_WITH_EXCLUSIONS,,species:american-marten (closed by name in this jurisdiction),the row names this species,https://www.gencourt.state.nh.us/rules/state_agencies/fis300.html
us-nh,American woodcock,OPEN_SEASON,SPECIES_ATTRIBUTED,species:american-woodcock,,the row names this species,https://www.gencourt.state.nh.us/rules/state_agencies/fis300.html
us-nh,Bear (wild black bear),OPEN_SEASON,SPECIES_ATTRIBUTED,species:american-black-bear,,the row names this species,https://www.gencourt.state.nh.us/rules/state_agencies/fis300.html
us-nh,Beaver,OPEN_SEASON,SPECIES_ATTRIBUTED,species:beaver,,the row names this species,https://www.gencourt.state.nh.us/rules/state_agencies/fis300.html
us-nh,Bobcat,CLOSED_THIS_YEAR,PARTIAL_GROUP_WITH_EXCLUSIONS,,species:bobcat (closed by name in this jurisdiction),the row names this species,https://www.gencourt.state.nh.us/rules/state_agencies/fis300.html
us-nh,Brant,OPEN_SEASON,SPECIES_ATTRIBUTED,species:brant,,the row names this species,https://www.gencourt.state.nh.us/rules/state_agencies/fis300.html
us-nh,Canada lynx,CLOSED_THIS_YEAR,PARTIAL_GROUP_WITH_EXCLUSIONS,,species:canada-lynx (closed by name in this jurisdiction),the row names this species,https://www.gencourt.state.nh.us/rules/state_agencies/fis300.html
us-nh,Caribou,CLOSED_THIS_YEAR,PARTIAL_GROUP_WITH_EXCLUSIONS,,species:caribou (closed by name in this jurisdiction),the row names this species,https://www.gencourt.state.nh.us/rsa/html/XVIII/208/208-mrg.htm
us-nh,Chipmunks,PERMIT_OR_DRAW,NOT_RELEVANT,,,excluded taxa (take-exclusions.csv),https://www.gencourt.state.nh.us/rules/state_agencies/fis300.html
us-nh,Common snipe,OPEN_SEASON,SPECIES_ATTRIBUTED,species:wilsons-snipe,,the row names this species,https://www.gencourt.state.nh.us/rules/state_agencies/fis300.html
us-nh,Coots,OPEN_SEASON,SPECIES_ATTRIBUTED,species:american-coot,,the row names this species,https://www.gencourt.state.nh.us/rules/state_agencies/fis300.html
us-nh,Cottontail rabbits,OPEN_SEASON,PARTIAL_GROUP_WITH_EXCLUSIONS,species:eastern-cottontail,species:new-england-cottontail (eligibility UNKNOWN),"plain meaning of ""cottontail rabbit"", restricted to species NatureServe records here",https://www.gencourt.state.nh.us/rules/state_agencies/fis300.html
us-nh,Coyote,YEAR_ROUND,SPECIES_ATTRIBUTED,species:coyote,,the row names this species,https://www.gencourt.state.nh.us/rules/state_agencies/fis300.html
us-nh,Deer,OPEN_SEASON,SPECIES_ATTRIBUTED,species:white-tailed-deer,,"plain meaning of ""deer"", restricted to species NatureServe records here",https://www.gencourt.state.nh.us/rules/state_agencies/fis300.html
us-nh,"Ducks, Mergansers, and Sea Ducks",OPEN_SEASON,UNRESOLVED,,,no authoritative membership for this group in the sources read,https://www.gencourt.state.nh.us/rules/state_agencies/fis300.html
us-nh,Eiders,OPEN_SEASON,SPECIES_ATTRIBUTED,species:common-eider,,the row names this species,https://www.gencourt.state.nh.us/rules/state_agencies/fis300.html
us-nh,Elk,CLOSED_THIS_YEAR,PARTIAL_GROUP_WITH_EXCLUSIONS,,species:elk (closed by name in this jurisdiction),the row names this species,https://www.gencourt.state.nh.us/rsa/html/XVIII/208/208-mrg.htm
us-nh,Fisher,OPEN_SEASON,SPECIES_ATTRIBUTED,species:fisher,,the row names this species,https://www.gencourt.state.nh.us/rules/state_agencies/fis300.html
us-nh,"Fox, Red and Gray",OPEN_SEASON,SPECIES_ATTRIBUTED,species:red-fox|species:gray-fox,,the source enumerates its members,https://www.gencourt.state.nh.us/rules/state_agencies/fis300.html
us-nh,Golden and bald eagles,CLOSED_THIS_YEAR,NOT_RELEVANT,,,"raptors: falconry capture or protection, not quarry take",https://www.gencourt.state.nh.us/rsa/html/XVIII/209/209-mrg.htm
us-nh,Gray squirrel,OPEN_SEASON,SPECIES_ATTRIBUTED,species:eastern-gray-squirrel,,the row names this species,https://www.gencourt.state.nh.us/rules/state_agencies/fis300.html
us-nh,"Grey, red and flying squirrel",PERMIT_OR_DRAW,UNRESOLVED,,,no authoritative membership for this group in the sources read,https://www.gencourt.state.nh.us/rules/state_agencies/fis300.html
us-nh,Mink,OPEN_SEASON,SPECIES_ATTRIBUTED,species:american-mink,,the row names this species,https://www.gencourt.state.nh.us/rules/state_agencies/fis300.html
us-nh,Moose,PERMIT_OR_DRAW,SPECIES_ATTRIBUTED,species:moose,,the row names this species,https://www.gencourt.state.nh.us/rules/state_agencies/fis300.html
us-nh,Mountain lion,CLOSED_THIS_YEAR,PARTIAL_GROUP_WITH_EXCLUSIONS,,species:mountain-lion (closed by name in this jurisdiction),the row names this species,https://www.gencourt.state.nh.us/rsa/html/XVIII/208/208-mrg.htm
us-nh,Muskrat,OPEN_SEASON,SPECIES_ATTRIBUTED,species:muskrat,,the row names this species,https://www.gencourt.state.nh.us/rules/state_agencies/fis300.html
us-nh,Northern Bobwhite Quail,OPEN_SEASON,SPECIES_ATTRIBUTED,species:northern-bobwhite,,the row names this species,https://www.gencourt.state.nh.us/rules/state_agencies/fis300.html
us-nh,Opossum,OPEN_SEASON,SPECIES_ATTRIBUTED,species:virginia-opossum,,"plain meaning of ""opossum"", restricted to species NatureServe records here",https://www.gencourt.state.nh.us/rules/state_agencies/fis300.html
us-nh,Otter,OPEN_SEASON,SPECIES_ATTRIBUTED,species:north-american-river-otter,,"plain meaning of ""otter"", restricted to species NatureServe records here",https://www.gencourt.state.nh.us/rules/state_agencies/fis300.html
us-nh,Pheasant,OPEN_SEASON,SPECIES_ATTRIBUTED,species:ring-necked-pheasant,species:green-pheasant (no occurrence record),"plain meaning of ""pheasant"", restricted to species NatureServe records here",https://www.gencourt.state.nh.us/rules/state_agencies/fis300.html
us-nh,Porcupine,PERMIT_OR_DRAW,SPECIES_ATTRIBUTED,species:north-american-porcupine,,the row names this species,https://www.gencourt.state.nh.us/rules/state_agencies/fis300.html
us-nh,Ptarmigan,CLOSED_THIS_YEAR,UNRESOLVED,,,"plain meaning of ""ptarmigan"", restricted to species NatureServe records here; no candidate member is recorded here by NatureServe",https://www.gencourt.state.nh.us/rsa/html/XVIII/209/209-mrg.htm
us-nh,Raccoon,OPEN_SEASON,SPECIES_ATTRIBUTED,species:raccoon,,the row names this species,https://www.gencourt.state.nh.us/rules/state_agencies/fis300.html
us-nh,Rails and gallinules,CLOSED_THIS_YEAR,SPECIES_ATTRIBUTED,species:virginia-rail|species:common-gallinule,,50 CFR 10.13 common-name groups / 50 CFR 20.11(a) families,https://www.gencourt.state.nh.us/rules/state_agencies/fis300.html
us-nh,Scaup,OPEN_SEASON,SPECIES_ATTRIBUTED,species:greater-scaup|species:lesser-scaup,,50 CFR 10.13 common-name groups / 50 CFR 20.11(a) families,https://www.gencourt.state.nh.us/rules/state_agencies/fis300.html
us-nh,Scoter,OPEN_SEASON,SPECIES_ATTRIBUTED,species:black-scoter|species:surf-scoter|species:white-winged-scoter,,50 CFR 10.13 common-name groups / 50 CFR 20.11(a) families,https://www.gencourt.state.nh.us/rules/state_agencies/fis300.html
us-nh,Skunk,OPEN_SEASON,SPECIES_ATTRIBUTED,species:striped-skunk,,"plain meaning of ""skunk"", restricted to species NatureServe records here",https://www.gencourt.state.nh.us/rules/state_agencies/fis300.html
us-nh,Snow geese,OPEN_SEASON,SPECIES_ATTRIBUTED,species:snow-goose,,the row names this species,https://www.gencourt.state.nh.us/rules/state_agencies/fis300.html
us-nh,Snowshoe hares,OPEN_SEASON,SPECIES_ATTRIBUTED,species:snowshoe-hare,,the row names this species,https://www.gencourt.state.nh.us/rules/state_agencies/fis300.html
us-nh,Spruce grouse,CLOSED_THIS_YEAR,PARTIAL_GROUP_WITH_EXCLUSIONS,,species:spruce-grouse (closed by name in this jurisdiction),the row names this species,https://www.gencourt.state.nh.us/rsa/html/XVIII/209/209-mrg.htm
us-nh,Unprotected wild animals causing damage (RSA 207:26),UNPROTECTED,GROUP_RULE_LEGALLY_APPLICABLE,,,a broad legal class; members are not attributable from the source,https://www.gencourt.state.nh.us/rsa/html/XVIII/207/207-mrg.htm
us-nh,Upland plover,CLOSED_THIS_YEAR,UNRESOLVED,,,no authoritative membership for this group in the sources read,https://www.gencourt.state.nh.us/rsa/html/XVIII/209/209-mrg.htm
us-nh,Weasel,OPEN_SEASON,SPECIES_ATTRIBUTED,species:long-tailed-weasel|species:american-ermine,,"plain meaning of ""weasel"", restricted to species NatureServe records here",https://www.gencourt.state.nh.us/rules/state_agencies/fis300.html
us-nh,Wild Turkey,OPEN_SEASON,SPECIES_ATTRIBUTED,species:wild-turkey,,the row names this species,https://www.gencourt.state.nh.us/rules/state_agencies/fis300.html
us-nh,Woodchuck,PERMIT_OR_DRAW,SPECIES_ATTRIBUTED,species:woodchuck,,the row names this species,https://www.gencourt.state.nh.us/rules/state_agencies/fis300.html
us-nm,Coatimundi,CLOSED_THIS_YEAR,UNRESOLVED,,,no authoritative membership for this group in the sources read,https://wildlife.dgf.nm.gov/download/2026-2027-new-mexico-hunting-rules-and-info/?wpdmdl=52826
us-nm,Crows,CLOSED_THIS_YEAR,SPECIES_ATTRIBUTED,species:american-crow,,the row names this species,https://wildlife.dgf.nm.gov/download/2026-2027-new-mexico-hunting-rules-and-info/?wpdmdl=52826
us-nm,Ducks,OPEN_SEASON,SPECIES_ATTRIBUTED,species:mallard|species:wood-duck|species:northern-pintail|species:gadwall|species:american-wigeon|species:green-winged-teal|species:blue-winged-teal|species:northern-shoveler|species:canvasback|species:redhead|species:ring-necked-duck|species:greater-scaup|species:lesser-scaup|species:common-goldeneye|species:barrows-goldeneye|species:bufflehead|species:cinnamon-teal|species:common-merganser|species:hooded-merganser|species:red-breasted-merganser|species:ruddy-duck|species:mexican-duck|species:fulvous-whistling-duck,,50 CFR 10.13 common-name groups / 50 CFR 20.11(a) families,https://wildlife.dgf.nm.gov/download/2026-2027-new-mexico-migratory-game-bird-hunting-rules-and-info/?wpdmdl=55779
us-nm,Free-ranging native amphibians and reptiles (commercial),PERMIT_OR_DRAW,GROUP_RULE_LEGALLY_APPLICABLE,,,a broad legal class; members are not attributable from the source,https://www.srca.nm.gov/parts/title19/19.035.0010.html
us-nm,Gallinules,OPEN_SEASON,SPECIES_ATTRIBUTED,species:common-gallinule,,the row names this species,https://wildlife.dgf.nm.gov/download/2026-2027-new-mexico-migratory-game-bird-hunting-rules-and-info/?wpdmdl=55779
us-nm,Gray squirrel,OPEN_SEASON,SPECIES_ATTRIBUTED,species:arizona-gray-squirrel,,the row names this species,https://wildlife.dgf.nm.gov/download/2026-2027-new-mexico-hunting-rules-and-info/?wpdmdl=52826
us-nm,Ground squirrels,YEAR_ROUND,PARTIAL_GROUP_WITH_EXCLUSIONS,species:thirteen-lined-ground-squirrel,species:golden-mantled-ground-squirrel (eligibility UNKNOWN),"plain meaning of ""ground squirrel"", restricted to species NatureServe records here",https://wildlife.dgf.nm.gov/hunting/information-by-animal/nongame/
us-nm,Ibex,PERMIT_OR_DRAW,SPECIES_ATTRIBUTED,species:persian-ibex,,the row names this species,https://wildlife.dgf.nm.gov/download/2026-2027-new-mexico-hunting-rules-and-info/?wpdmdl=52826
us-nm,Lizards (lizard races),OPEN_SEASON,UNRESOLVED,,,no authoritative membership for this group in the sources read,https://www.srca.nm.gov/parts/title19/19.035.0010.html
us-nm,Oryx,PERMIT_OR_DRAW,SPECIES_ATTRIBUTED,species:gemsbok,,the row names this species,https://wildlife.dgf.nm.gov/download/2026-2027-new-mexico-hunting-rules-and-info/?wpdmdl=52826
us-nm,Porcupine,YEAR_ROUND,SPECIES_ATTRIBUTED,species:north-american-porcupine,,the row names this species,https://wildlife.dgf.nm.gov/hunting/information-by-animal/nongame/
us-nm,Prairie dogs,YEAR_ROUND,SPECIES_ATTRIBUTED,species:black-tailed-prairie-dog|species:gunnisons-prairie-dog,,"plain meaning of ""prairie dog"", restricted to species NatureServe records here",https://wildlife.dgf.nm.gov/hunting/information-by-animal/nongame/
us-nm,Rabbits,YEAR_ROUND,SPECIES_ATTRIBUTED,species:desert-cottontail|species:mountain-cottontail,,"plain meaning of ""rabbit"", restricted to species NatureServe records here",https://wildlife.dgf.nm.gov/hunting/information-by-animal/nongame/
us-nm,Rattlesnakes (Crotalus),OPEN_SEASON,SPECIES_ATTRIBUTED,species:western-rattlesnake,,the row names this species,https://www.srca.nm.gov/parts/title19/19.035.0010.html
us-nm,Ravens,CLOSED_THIS_YEAR,SPECIES_ATTRIBUTED,species:common-raven,,the row names this species,https://wildlife.dgf.nm.gov/download/2026-2027-new-mexico-hunting-rules-and-info/?wpdmdl=52826
us-nm,Red squirrel,OPEN_SEASON,SPECIES_ATTRIBUTED,species:american-red-squirrel,,the row names this species,https://wildlife.dgf.nm.gov/download/2026-2027-new-mexico-hunting-rules-and-info/?wpdmdl=52826
us-nm,Rock squirrel,YEAR_ROUND,SPECIES_ATTRIBUTED,species:rock-squirrel,,the row names this species,https://wildlife.dgf.nm.gov/download/2026-2027-new-mexico-hunting-rules-and-info/?wpdmdl=52826
us-nm,Scaup,OPEN_SEASON,SPECIES_ATTRIBUTED,species:greater-scaup|species:lesser-scaup,,50 CFR 10.13 common-name groups / 50 CFR 20.11(a) families,https://wildlife.dgf.nm.gov/download/2026-2027-new-mexico-migratory-game-bird-hunting-rules-and-info/?wpdmdl=55779
us-nm,Skunks,YEAR_ROUND,PARTIAL_GROUP_WITH_EXCLUSIONS,species:striped-skunk,species:hog-nosed-skunk (eligibility UNKNOWN),"plain meaning of ""skunk"", restricted to species NatureServe records here",https://wildlife.dgf.nm.gov/download/2026-2027-new-mexico-hunting-rules-and-info/?wpdmdl=52826
us-nm,Snipe,OPEN_SEASON,SPECIES_ATTRIBUTED,species:wilsons-snipe,,50 CFR 10.13 common-name groups / 50 CFR 20.11(a) families,https://wildlife.dgf.nm.gov/download/2026-2027-new-mexico-migratory-game-bird-hunting-rules-and-info/?wpdmdl=55779
us-nm,Sora,OPEN_SEASON,SPECIES_ATTRIBUTED,species:sora,,the row names this species,https://wildlife.dgf.nm.gov/download/2026-2027-new-mexico-migratory-game-bird-hunting-rules-and-info/?wpdmdl=55779
us-nm,Swans,CLOSED_THIS_YEAR,SPECIES_ATTRIBUTED,species:tundra-swan,,50 CFR 10.13 common-name groups / 50 CFR 20.11(a) families,https://wildlife.dgf.nm.gov/download/2026-2027-new-mexico-migratory-game-bird-hunting-rules-and-info/?wpdmdl=55779
us-nm,Virginia rail,OPEN_SEASON,SPECIES_ATTRIBUTED,species:virginia-rail,,the row names this species,https://wildlife.dgf.nm.gov/download/2026-2027-new-mexico-migratory-game-bird-hunting-rules-and-info/?wpdmdl=55779
us-nm,Weasel,OPEN_SEASON,SPECIES_ATTRIBUTED,species:long-tailed-weasel|species:american-ermine,,"plain meaning of ""weasel"", restricted to species NatureServe records here",https://wildlife.dgf.nm.gov/download/2026-2027-new-mexico-hunting-rules-and-info/?wpdmdl=52826
us-nv,Ducks and Mergansers (excluding scaup),OPEN_SEASON,UNRESOLVED,,,the source's exceptions need reading,https://www.eregulations.com/nevada/hunting/small-game/pdf
us-nv,ground squirrel,UNPROTECTED,PARTIAL_GROUP_WITH_EXCLUSIONS,species:wyoming-ground-squirrel,species:beldings-ground-squirrel (eligibility UNKNOWN)|species:california-ground-squirrel (eligibility UNKNOWN)|species:golden-mantled-ground-squirrel (eligibility UNKNOWN),"plain meaning of ""ground squirrel"", restricted to species NatureServe records here",https://www.eregulations.com/nevada/hunting/small-game/pdf
us-oh,Coots,OPEN_SEASON,SPECIES_ATTRIBUTED,species:american-coot,,the row names this species,https://ohiodnr.gov/buy-and-apply/hunting-fishing-boating/hunting-resources/hunting-regulations
us-oh,"Duck, Coot, and Merganser (Duck Zones A, B, C)",OPEN_SEASON,SPECIES_ATTRIBUTED,species:mallard|species:american-black-duck|species:wood-duck|species:blue-winged-teal|species:canvasback|species:ring-necked-duck|species:greater-scaup|species:common-goldeneye|species:bufflehead|species:black-scoter|species:common-merganser|species:hooded-merganser|species:long-tailed-duck|species:red-breasted-merganser|species:surf-scoter|species:white-winged-scoter|species:american-coot,,50 CFR 10.13 common-name groups / 50 CFR 20.11(a) families,https://ohiodnr.gov/buy-and-apply/hunting-fishing-boating/hunting-resources/hunting-regulations
us-oh,"Early teal (Blue-winged, Green-winged, and Cinnamon)",OPEN_SEASON,SPECIES_ATTRIBUTED,species:blue-winged-teal,,the source enumerates its members,https://ohiodnr.gov/buy-and-apply/hunting-fishing-boating/hunting-resources/hunting-regulations
us-oh,Fox (red and gray),OPEN_SEASON,SPECIES_ATTRIBUTED,species:red-fox|species:gray-fox,,the source enumerates its members,https://ohiodnr.gov/buy-and-apply/hunting-fishing-boating/hunting-resources/hunting-regulations
us-oh,Gallinule,OPEN_SEASON,SPECIES_ATTRIBUTED,species:common-gallinule,,the row names this species,https://ohiodnr.gov/buy-and-apply/hunting-fishing-boating/hunting-resources/hunting-regulations
us-oh,Mergansers,OPEN_SEASON,SPECIES_ATTRIBUTED,species:common-merganser,,the row names this species,https://ohiodnr.gov/buy-and-apply/hunting-fishing-boating/hunting-resources/hunting-regulations
us-oh,Scaup,OPEN_SEASON,SPECIES_ATTRIBUTED,species:greater-scaup,,50 CFR 10.13 common-name groups / 50 CFR 20.11(a) families,https://ohiodnr.gov/buy-and-apply/hunting-fishing-boating/hunting-resources/hunting-regulations
us-oh,Skunk,OPEN_SEASON,SPECIES_ATTRIBUTED,species:striped-skunk,,"plain meaning of ""skunk"", restricted to species NatureServe records here",https://ohiodnr.gov/buy-and-apply/hunting-fishing-boating/hunting-resources/hunting-regulations
us-oh,"Snow goose, blue goose, Ross's goose (light geese)",OPEN_SEASON,UNRESOLVED,,,no authoritative membership for this group in the sources read,https://ohiodnr.gov/buy-and-apply/hunting-fishing-boating/hunting-resources/hunting-regulations
us-oh,Softshell turtle,OPEN_SEASON,SPECIES_ATTRIBUTED,species:smooth-softshell-turtle,,the row names this species,https://ohiodnr.gov/buy-and-apply/hunting-fishing-boating/fishing-resources/fishing-regulations
us-oh,"Squirrel (red, gray, black, fox)",OPEN_SEASON,UNRESOLVED,,,no authoritative membership for this group in the sources read,https://ohiodnr.gov/buy-and-apply/hunting-fishing-boating/hunting-resources/hunting-regulations
us-oh,Weasel,OPEN_SEASON,SPECIES_ATTRIBUTED,species:least-weasel|species:long-tailed-weasel|species:american-ermine,,"plain meaning of ""weasel"", restricted to species NatureServe records here",https://ohiodnr.gov/buy-and-apply/hunting-fishing-boating/hunting-resources/hunting-regulations
us-ok,All other amphibians,YEAR_ROUND,GROUP_RULE_LEGALLY_APPLICABLE,,,a broad legal class; members are not attributable from the source,https://www.wildlifedepartment.com/hunting/regs/reptile-amphibian-regulations
us-ok,All other reptiles (excluding rattlesnakes),YEAR_ROUND,GROUP_RULE_LEGALLY_APPLICABLE,,,a broad legal class; members are not attributable from the source,https://www.wildlifedepartment.com/hunting/regs/reptile-amphibian-regulations
us-ok,alligator snapping turtle,CLOSED_THIS_YEAR,PARTIAL_GROUP_WITH_EXCLUSIONS,,species:alligator-snapping-turtle (closed by name in this jurisdiction),the row names this species,https://www.wildlifedepartment.com/hunting/regs/reptile-amphibian-regulations
us-ok,American alligator,CLOSED_THIS_YEAR,PARTIAL_GROUP_WITH_EXCLUSIONS,,species:american-alligator (closed by name in this jurisdiction),the row names this species,https://www.wildlifedepartment.com/hunting/regs/reptile-amphibian-regulations
us-ok,Aquatic frogs (except bullfrog and crawfish frog),YEAR_ROUND,UNRESOLVED,,,the source's exceptions need reading,https://www.wildlifedepartment.com/hunting/regs/reptile-amphibian-regulations
us-ok,"Aquatic salamanders (Necturus and Ambystoma, except mole and ringed)",YEAR_ROUND,NOT_RELEVANT,,,excluded taxa (take-exclusions.csv),https://www.wildlifedepartment.com/hunting/regs/reptile-amphibian-regulations
us-ok,Blackbirds (depredation order),PERMIT_OR_DRAW,PARTIAL_GROUP_WITH_EXCLUSIONS,species:brewers-blackbird|species:red-winged-blackbird|species:yellow-headed-blackbird,species:rusty-blackbird (eligibility UNKNOWN),50 CFR 10.13 common-name groups / 50 CFR 20.11(a) families,https://www.wildlifedepartment.com/hunting/regs/general-hunting-regulations
us-ok,cave salamander,CLOSED_THIS_YEAR,UNRESOLVED,,,no authoritative membership for this group in the sources read,https://www.wildlifedepartment.com/hunting/regs/reptile-amphibian-regulations
us-ok,checkered whiptail,CLOSED_THIS_YEAR,UNRESOLVED,,,no authoritative membership for this group in the sources read,https://www.wildlifedepartment.com/hunting/regs/reptile-amphibian-regulations
us-ok,common lesser earless lizard,CLOSED_THIS_YEAR,PARTIAL_GROUP_WITH_EXCLUSIONS,,species:common-lesser-earless-lizard (closed by name in this jurisdiction),the row names this species,https://www.wildlifedepartment.com/hunting/regs/reptile-amphibian-regulations
us-ok,Coots,OPEN_SEASON,SPECIES_ATTRIBUTED,species:american-coot,,the row names this species,https://www.wildlifedepartment.com/hunting/regs/ducks-mergansers-coots
us-ok,Cottontail,OPEN_SEASON,SPECIES_ATTRIBUTED,species:eastern-cottontail,,the row names this species,https://www.wildlifedepartment.com/hunting/regs/small-game-regulations
us-ok,Crawfish frog,YEAR_ROUND,SPECIES_ATTRIBUTED,species:northern-crawfish-frog,,the row names this species,https://www.wildlifedepartment.com/hunting/regs/reptile-amphibian-regulations
us-ok,Crow,OPEN_SEASON,SPECIES_ATTRIBUTED,species:american-crow,,the row names this species,https://www.wildlifedepartment.com/hunting/regs/crow-woodcock-rail-snipe-gallinule
us-ok,Dark geese (all geese except white-fronted and light geese),OPEN_SEASON,UNRESOLVED,,,the source's exceptions need reading,https://www.wildlifedepartment.com/hunting/regs/september-teal-geese-sandhill-cranes
us-ok,Ducks & mergansers,OPEN_SEASON,SPECIES_ATTRIBUTED,species:mallard|species:american-black-duck|species:wood-duck|species:northern-pintail|species:gadwall|species:american-wigeon|species:green-winged-teal|species:blue-winged-teal|species:northern-shoveler|species:canvasback|species:redhead|species:ring-necked-duck|species:lesser-scaup|species:bufflehead|species:cinnamon-teal|species:common-merganser|species:hooded-merganser|species:ruddy-duck|species:black-bellied-whistling-duck,,50 CFR 10.13 common-name groups / 50 CFR 20.11(a) families,https://www.wildlifedepartment.com/hunting/regs/ducks-mergansers-coots
us-ok,eastern side-blotched lizard,CLOSED_THIS_YEAR,UNRESOLVED,,,no authoritative membership for this group in the sources read,https://www.wildlifedepartment.com/hunting/regs/reptile-amphibian-regulations
us-ok,Feral hogs,YEAR_ROUND,SPECIES_ATTRIBUTED,species:wild-boar,,the row names this species,https://www.wildlifedepartment.com/hunting/regs/hog-feral-swine-regulations
us-ok,four-toed salamander,CLOSED_THIS_YEAR,PARTIAL_GROUP_WITH_EXCLUSIONS,,species:four-toed-salamander (closed by name in this jurisdiction),the row names this species,https://www.wildlifedepartment.com/hunting/regs/reptile-amphibian-regulations
us-ok,Gallinule (Purple & Common),OPEN_SEASON,SPECIES_ATTRIBUTED,species:common-gallinule,,the row names this species,https://www.wildlifedepartment.com/hunting/regs/crow-woodcock-rail-snipe-gallinule
us-ok,grotto salamander,CLOSED_THIS_YEAR,UNRESOLVED,,,no authoritative membership for this group in the sources read,https://www.wildlifedepartment.com/hunting/regs/reptile-amphibian-regulations
us-ok,gulf swampsnake,CLOSED_THIS_YEAR,SPECIES_ATTRIBUTED,species:glossy-crayfish-snake,,the row names this species,https://www.wildlifedepartment.com/hunting/regs/reptile-amphibian-regulations
us-ok,Jackrabbit,OPEN_SEASON,SPECIES_ATTRIBUTED,species:black-tailed-jackrabbit,,"plain meaning of ""jackrabbit"", restricted to species NatureServe records here",https://www.wildlifedepartment.com/hunting/regs/small-game-regulations
us-ok,Kiamichi slimy salamander,CLOSED_THIS_YEAR,UNRESOLVED,,,no authoritative membership for this group in the sources read,https://www.wildlifedepartment.com/hunting/regs/reptile-amphibian-regulations
us-ok,Light geese - Conservation Order (COLGS),OPEN_SEASON,UNRESOLVED,,,no authoritative membership for this group in the sources read,https://www.wildlifedepartment.com/hunting/regs/september-teal-geese-sandhill-cranes
us-ok,"Light geese (snow, blue & Ross')",OPEN_SEASON,SPECIES_ATTRIBUTED,species:snow-goose|species:rosss-goose,,50 CFR 10.13 common-name groups / 50 CFR 20.11(a) families,https://www.wildlifedepartment.com/hunting/regs/september-teal-geese-sandhill-cranes
us-ok,Massasauga,OPEN_SEASON,UNRESOLVED,,,no authoritative membership for this group in the sources read,https://www.wildlifedepartment.com/hunting/regs/reptile-amphibian-regulations
us-ok,Mergansers,OPEN_SEASON,SPECIES_ATTRIBUTED,species:common-merganser,,the row names this species,https://www.wildlifedepartment.com/hunting/regs/ducks-mergansers-coots
us-ok,Mink,OPEN_SEASON,SPECIES_ATTRIBUTED,species:american-mink,,the row names this species,https://www.wildlifedepartment.com/hunting/regs/furbearercoyote-regulations
us-ok,mole salamander,CLOSED_THIS_YEAR,PARTIAL_GROUP_WITH_EXCLUSIONS,,species:mole-salamander (closed by name in this jurisdiction),the row names this species,https://www.wildlifedepartment.com/hunting/regs/reptile-amphibian-regulations
us-ok,northern map turtle,CLOSED_THIS_YEAR,SPECIES_ATTRIBUTED,species:common-map-turtle,,the row names this species,https://www.wildlifedepartment.com/hunting/regs/reptile-amphibian-regulations
us-ok,Oklahoma salamander,CLOSED_THIS_YEAR,UNRESOLVED,,,no authoritative membership for this group in the sources read,https://www.wildlifedepartment.com/hunting/regs/reptile-amphibian-regulations
us-ok,Ouachita dusky salamander,CLOSED_THIS_YEAR,UNRESOLVED,,,no authoritative membership for this group in the sources read,https://www.wildlifedepartment.com/hunting/regs/reptile-amphibian-regulations
us-ok,Ozark zigzag salamander,CLOSED_THIS_YEAR,UNRESOLVED,,,no authoritative membership for this group in the sources read,https://www.wildlifedepartment.com/hunting/regs/reptile-amphibian-regulations
us-ok,Pheasant,OPEN_SEASON,SPECIES_ATTRIBUTED,species:ring-necked-pheasant,species:green-pheasant (no occurrence record),"plain meaning of ""pheasant"", restricted to species NatureServe records here",https://www.wildlifedepartment.com/hunting/regs/pheasant-regulations
us-ok,Prairie dog,YEAR_ROUND,SPECIES_ATTRIBUTED,species:black-tailed-prairie-dog,,the row names this species,https://www.wildlifedepartment.com/hunting/regs/small-game-regulations
us-ok,"Protected birds (hawks, owls, eagles, songbirds)",CLOSED_THIS_YEAR,NOT_RELEVANT,,,"raptors: falconry capture or protection, not quarry take",https://www.wildlifedepartment.com/hunting/regs/general-hunting-regulations
us-ok,Quail (Bobwhite & Scaled),OPEN_SEASON,SPECIES_ATTRIBUTED,species:northern-bobwhite|species:scaled-quail,,the source enumerates its members,https://www.wildlifedepartment.com/hunting/regs/quail-bobwhite-scaled-regulations
us-ok,"Rabbit (Cottontail, Swamp & Jackrabbit)",OPEN_SEASON,SPECIES_ATTRIBUTED,species:eastern-cottontail|species:desert-cottontail|species:swamp-rabbit|species:black-tailed-jackrabbit,,the source enumerates its members,https://www.wildlifedepartment.com/hunting/regs/small-game-regulations
us-ok,Rich Mountain salamander,CLOSED_THIS_YEAR,UNRESOLVED,,,no authoritative membership for this group in the sources read,https://www.wildlifedepartment.com/hunting/regs/reptile-amphibian-regulations
us-ok,ringed salamander,CLOSED_THIS_YEAR,UNRESOLVED,,,no authoritative membership for this group in the sources read,https://www.wildlifedepartment.com/hunting/regs/reptile-amphibian-regulations
us-ok,Ringtail,CLOSED_THIS_YEAR,PARTIAL_GROUP_WITH_EXCLUSIONS,,species:ringtail (closed by name in this jurisdiction),the row names this species,https://www.wildlifedepartment.com/hunting/regs/furbearercoyote-regulations
us-ok,round-tailed horned lizard,CLOSED_THIS_YEAR,UNRESOLVED,,,no authoritative membership for this group in the sources read,https://www.wildlifedepartment.com/hunting/regs/reptile-amphibian-regulations
us-ok,scaup,OPEN_SEASON,SPECIES_ATTRIBUTED,species:lesser-scaup,,50 CFR 10.13 common-name groups / 50 CFR 20.11(a) families,https://www.wildlifedepartment.com/hunting/regs/ducks-mergansers-coots
us-ok,September teal,OPEN_SEASON,SPECIES_ATTRIBUTED,species:blue-winged-teal|species:cinnamon-teal|species:green-winged-teal,,50 CFR 10.13 common-name groups / 50 CFR 20.11(a) families,https://www.wildlifedepartment.com/hunting/regs/september-teal-geese-sandhill-cranes
us-ok,Sequoyah slimy salamander,CLOSED_THIS_YEAR,UNRESOLVED,,,no authoritative membership for this group in the sources read,https://www.wildlifedepartment.com/hunting/regs/reptile-amphibian-regulations
us-ok,Spotted skunk,CLOSED_THIS_YEAR,SPECIES_ATTRIBUTED,species:western-spotted-skunk,,the row names this species,https://www.wildlifedepartment.com/hunting/regs/furbearercoyote-regulations
us-ok,Squirrel (Fox & Gray),OPEN_SEASON,SPECIES_ATTRIBUTED,species:fox-squirrel|species:eastern-gray-squirrel,,the source enumerates its members,https://www.wildlifedepartment.com/hunting/regs/small-game-regulations
us-ok,Texas horned lizard,CLOSED_THIS_YEAR,UNRESOLVED,,,no authoritative membership for this group in the sources read,https://www.wildlifedepartment.com/hunting/regs/reptile-amphibian-regulations
us-ok,three-toed amphiuma,CLOSED_THIS_YEAR,PARTIAL_GROUP_WITH_EXCLUSIONS,,species:three-toed-amphiuma (closed by name in this jurisdiction),the row names this species,https://www.wildlifedepartment.com/hunting/regs/reptile-amphibian-regulations
us-ok,wandering gartersnake,CLOSED_THIS_YEAR,UNRESOLVED,,,no authoritative membership for this group in the sources read,https://www.wildlifedepartment.com/hunting/regs/reptile-amphibian-regulations
us-ok,Water-dwelling turtles (commercial harvest),PERMIT_OR_DRAW,UNRESOLVED,,,no authoritative membership for this group in the sources read,https://www.wildlifedepartment.com/hunting/regs/reptile-amphibian-regulations
us-ok,Weasel,OPEN_SEASON,SPECIES_ATTRIBUTED,species:long-tailed-weasel,,"plain meaning of ""weasel"", restricted to species NatureServe records here",https://www.wildlifedepartment.com/hunting/regs/furbearercoyote-regulations
us-ok,western chicken turtle,CLOSED_THIS_YEAR,UNRESOLVED,,,no authoritative membership for this group in the sources read,https://www.wildlifedepartment.com/hunting/regs/reptile-amphibian-regulations
us-ok,western mudsnake,CLOSED_THIS_YEAR,UNRESOLVED,,,no authoritative membership for this group in the sources read,https://www.wildlifedepartment.com/hunting/regs/reptile-amphibian-regulations
us-ok,western slimy salamander,CLOSED_THIS_YEAR,UNRESOLVED,,,no authoritative membership for this group in the sources read,https://www.wildlifedepartment.com/hunting/regs/reptile-amphibian-regulations
us-or,Gophers,UNPROTECTED,NOT_RELEVANT,,,excluded taxa (take-exclusions.csv),https://myodfw.com/sites/default/files/2026-09/2026_Furbearer-Regs_Final_web.pdf
us-or,Moles,UNPROTECTED,NOT_RELEVANT,,,excluded taxa (take-exclusions.csv),https://myodfw.com/sites/default/files/2026-09/2026_Furbearer-Regs_Final_web.pdf
us-or,Rats and mice,UNPROTECTED,NOT_RELEVANT,,,excluded taxa (take-exclusions.csv),https://www.eregulations.com/assets/docs/resources/OR/26ORHD_LR3.pdf
us-pa,Amphibian eggs and tadpoles,YEAR_ROUND,UNRESOLVED,,,no authoritative membership for this group in the sources read,https://www.pacodeandbulletin.gov/Display/pacode?file=/secure/pacode/data/058/chapter79/chap79toc.html&d=
us-pa,DUCKS,OPEN_SEASON,SPECIES_ATTRIBUTED,species:mallard|species:american-black-duck|species:wood-duck|species:northern-pintail|species:gadwall|species:american-wigeon|species:green-winged-teal|species:blue-winged-teal|species:northern-shoveler|species:canvasback|species:redhead|species:ring-necked-duck|species:greater-scaup|species:lesser-scaup|species:common-goldeneye|species:bufflehead|species:black-scoter|species:common-merganser|species:hooded-merganser|species:long-tailed-duck|species:red-breasted-merganser|species:ruddy-duck|species:surf-scoter|species:white-winged-scoter,,50 CFR 10.13 common-name groups / 50 CFR 20.11(a) families,https://www.pgc.pa.gov/HuntTrap/Law/Pages/SeasonsandBagLimits.aspx
us-pa,Native species not listed in this subsection,YEAR_ROUND,UNRESOLVED,,,no authoritative membership for this group in the sources read,https://www.pacodeandbulletin.gov/Display/pacode?file=/secure/pacode/data/058/chapter79/chap79toc.html&d=
us-ri,All other native reptiles and amphibians,CLOSED_THIS_YEAR,GROUP_RULE_LEGALLY_APPLICABLE,,,a broad legal class; members are not attributable from the source,https://rules.sos.ri.gov/regulations/part/250-60-00-9
us-ri,Cackling geese,OPEN_SEASON,SPECIES_ATTRIBUTED,species:cackling-goose,,the row names this species,https://rules.sos.ri.gov/regulations/part/250-60-00-9
us-ri,Deer,OPEN_SEASON,SPECIES_ATTRIBUTED,species:white-tailed-deer,,"plain meaning of ""deer"", restricted to species NatureServe records here",https://rules.sos.ri.gov/regulations/part/250-60-00-9
us-ri,Ducks,OPEN_SEASON,PARTIAL_GROUP_WITH_EXCLUSIONS,species:mallard|species:american-black-duck|species:wood-duck|species:northern-pintail|species:gadwall|species:american-wigeon|species:green-winged-teal|species:blue-winged-teal|species:northern-shoveler|species:canvasback|species:redhead|species:ring-necked-duck|species:greater-scaup|species:lesser-scaup|species:common-goldeneye|species:bufflehead|species:black-scoter|species:common-eider|species:common-merganser|species:hooded-merganser|species:long-tailed-duck|species:red-breasted-merganser|species:ruddy-duck|species:surf-scoter|species:white-winged-scoter|species:eurasian-wigeon,species:harlequin-duck (closed by name in this jurisdiction),50 CFR 10.13 common-name groups / 50 CFR 20.11(a) families,https://rules.sos.ri.gov/regulations/part/250-60-00-9
us-ri,"Mergansers (Common, red-breasted and hooded)",OPEN_SEASON,SPECIES_ATTRIBUTED,species:common-merganser,,the row names this species,https://rules.sos.ri.gov/regulations/part/250-60-00-9
us-ri,Migratory birds (depredation control),PERMIT_OR_DRAW,UNRESOLVED,,,no authoritative membership for this group in the sources read,https://rules.sos.ri.gov/regulations/part/250-60-00-11
us-ri,Scaup (hybrid bag),OPEN_SEASON,SPECIES_ATTRIBUTED,species:greater-scaup|species:lesser-scaup,,50 CFR 10.13 common-name groups / 50 CFR 20.11(a) families,https://rules.sos.ri.gov/regulations/part/250-60-00-9
us-ri,Sea ducks,OPEN_SEASON,UNRESOLVED,,,no authoritative membership for this group in the sources read,https://rules.sos.ri.gov/regulations/part/250-60-00-9
us-ri,Snow Goose (Including blue goose),OPEN_SEASON,SPECIES_ATTRIBUTED,species:snow-goose,,the row names this species,https://rules.sos.ri.gov/regulations/part/250-60-00-9
us-ri,Swans,CLOSED_THIS_YEAR,UNRESOLVED,,,50 CFR 10.13 common-name groups / 50 CFR 20.11(a) families; no candidate member is recorded here by NatureServe,https://rules.sos.ri.gov/regulations/part/250-60-00-9
us-ri,Weasel (Mustela spp.),OPEN_SEASON,UNRESOLVED,,species:feral-ferret (no occurrence record),the source names the genus Mustela; occurrence unknown for candidate members,https://rules.sos.ri.gov/regulations/part/250-60-00-9
us-ri,White-fronted geese,OPEN_SEASON,SPECIES_ATTRIBUTED,species:greater-white-fronted-goose,,the row names this species,https://rules.sos.ri.gov/regulations/part/250-60-00-9
us-sc,Ducks (Including Sea Ducks),OPEN_SEASON,SPECIES_ATTRIBUTED,species:mallard|species:american-black-duck|species:wood-duck|species:northern-pintail|species:gadwall|species:american-wigeon|species:green-winged-teal|species:blue-winged-teal|species:northern-shoveler|species:canvasback|species:redhead|species:ring-necked-duck|species:greater-scaup|species:lesser-scaup|species:common-goldeneye|species:bufflehead|species:black-scoter|species:common-eider|species:common-merganser|species:hooded-merganser|species:long-tailed-duck|species:red-breasted-merganser|species:ruddy-duck|species:surf-scoter|species:white-winged-scoter|species:mottled-duck|species:black-bellied-whistling-duck|species:fulvous-whistling-duck|species:eurasian-wigeon,,50 CFR 10.13 common-name groups / 50 CFR 20.11(a) families,https://www.dnr.sc.gov/regs/pdf/Regs2627.pdf
us-sc,Early Teal (Blue & Green Winged),OPEN_SEASON,SPECIES_ATTRIBUTED,species:blue-winged-teal|species:green-winged-teal,,50 CFR 10.13 common-name groups / 50 CFR 20.11(a) families,https://www.dnr.sc.gov/regs/pdf/Regs2627.pdf
us-sc,Eiders,OPEN_SEASON,SPECIES_ATTRIBUTED,species:common-eider,,the row names this species,https://www.dnr.sc.gov/regs/pdf/Regs2627.pdf
us-sc,Fox,OPEN_SEASON,SPECIES_ATTRIBUTED,species:red-fox|species:gray-fox,,"plain meaning of ""fox"", restricted to species NatureServe records here",https://www.dnr.sc.gov/regs/pdf/Regs2627.pdf
us-sc,Mergansers,OPEN_SEASON,SPECIES_ATTRIBUTED,species:common-merganser,,the row names this species,https://www.dnr.sc.gov/regs/pdf/Regs2627.pdf
us-sc,native turtles,UNPROTECTED,UNRESOLVED,,,no authoritative membership for this group in the sources read,https://dnr.sc.gov/wildlife/herps/assets/docs/UpdatedReptileAndAmphibianRegulations.pdf
us-sc,Rabbit,OPEN_SEASON,PARTIAL_GROUP_WITH_EXCLUSIONS,species:eastern-cottontail|species:swamp-rabbit|species:appalachian-cottontail,species:marsh-rabbit (eligibility UNKNOWN),"plain meaning of ""rabbit"", restricted to species NatureServe records here",https://www.dnr.sc.gov/regs/pdf/Regs2627.pdf
us-sc,Scaup,OPEN_SEASON,SPECIES_ATTRIBUTED,species:greater-scaup|species:lesser-scaup,,50 CFR 10.13 common-name groups / 50 CFR 20.11(a) families,https://www.dnr.sc.gov/regs/pdf/Regs2627.pdf
us-sc,Scoters,OPEN_SEASON,SPECIES_ATTRIBUTED,species:black-scoter|species:surf-scoter|species:white-winged-scoter,,50 CFR 10.13 common-name groups / 50 CFR 20.11(a) families,https://www.dnr.sc.gov/regs/pdf/Regs2627.pdf
us-sc,Swans,CLOSED_THIS_YEAR,SPECIES_ATTRIBUTED,species:tundra-swan,,50 CFR 10.13 common-name groups / 50 CFR 20.11(a) families,https://www.dnr.sc.gov/regs/pdf/Regs2627.pdf
us-sc,weasel,OPEN_SEASON,SPECIES_ATTRIBUTED,species:least-weasel|species:long-tailed-weasel,,"plain meaning of ""weasel"", restricted to species NatureServe records here",https://www.dnr.sc.gov/regs/pdf/Regs2627.pdf
us-sd,Chipmunk,UNPROTECTED,NOT_RELEVANT,,,excluded taxa (take-exclusions.csv),https://gfp.sd.gov/UserDocs/docs/huntingandtrappinghandbook.pdf
us-sd,Ducks,OPEN_SEASON,SPECIES_ATTRIBUTED,species:mallard|species:american-black-duck|species:wood-duck|species:northern-pintail|species:gadwall|species:american-wigeon|species:green-winged-teal|species:blue-winged-teal|species:northern-shoveler|species:canvasback|species:redhead|species:ring-necked-duck|species:greater-scaup|species:lesser-scaup|species:common-goldeneye|species:barrows-goldeneye|species:bufflehead|species:black-scoter|species:cinnamon-teal|species:common-eider|species:common-merganser|species:hooded-merganser|species:long-tailed-duck|species:red-breasted-merganser|species:ruddy-duck|species:surf-scoter|species:white-winged-scoter,,50 CFR 10.13 common-name groups / 50 CFR 20.11(a) families,https://gfp.sd.gov/UserDocs/docs/huntingandtrappinghandbook.pdf
us-sd,Gopher,YEAR_ROUND,NOT_RELEVANT,,,excluded taxa (take-exclusions.csv),https://gfp.sd.gov/UserDocs/docs/huntingandtrappinghandbook.pdf
us-sd,Ground Squirrel,YEAR_ROUND,SPECIES_ATTRIBUTED,species:richardsons-ground-squirrel|species:thirteen-lined-ground-squirrel,,"plain meaning of ""ground squirrel"", restricted to species NatureServe records here",https://gfp.sd.gov/UserDocs/docs/huntingandtrappinghandbook.pdf
us-sd,Marmot,YEAR_ROUND,SPECIES_ATTRIBUTED,species:yellow-bellied-marmot,,"plain meaning of ""marmot"", restricted to species NatureServe records here",https://gfp.sd.gov/UserDocs/docs/huntingandtrappinghandbook.pdf
us-sd,Other unprotected species,UNPROTECTED,GROUP_RULE_LEGALLY_APPLICABLE,,,a broad legal class; members are not attributable from the source,https://gfp.sd.gov/UserDocs/docs/huntingandtrappinghandbook.pdf
us-sd,Turtles (all species except false map),YEAR_ROUND,UNRESOLVED,,,the source's exceptions need reading,https://gfp.sd.gov/UserDocs/nav/FishingHandbook_2026.pdf
us-tn,"Blue, Snow & Ross's Geese (Light Geese)",OPEN_SEASON,UNRESOLVED,,,no authoritative membership for this group in the sources read,https://www.tn.gov/twra/hunting/tennessee-hunting-seasons-summary.html
us-tn,Dove,OPEN_SEASON,SPECIES_ATTRIBUTED,species:mourning-dove,,50 CFR 10.13 common-name groups / 50 CFR 20.11(a) families,https://www.tn.gov/twra/hunting/tennessee-hunting-seasons-summary.html
us-tn,Ducks,OPEN_SEASON,SPECIES_ATTRIBUTED,species:mallard|species:american-black-duck|species:wood-duck|species:northern-pintail|species:gadwall|species:american-wigeon|species:green-winged-teal|species:blue-winged-teal|species:northern-shoveler|species:canvasback|species:redhead|species:ring-necked-duck|species:greater-scaup|species:lesser-scaup|species:common-goldeneye|species:bufflehead|species:black-scoter|species:common-merganser|species:hooded-merganser|species:long-tailed-duck|species:red-breasted-merganser|species:ruddy-duck|species:surf-scoter|species:white-winged-scoter,,50 CFR 10.13 common-name groups / 50 CFR 20.11(a) families,https://www.tn.gov/twra/hunting/tennessee-hunting-seasons-summary.html
us-tn,Fox,OPEN_SEASON,SPECIES_ATTRIBUTED,species:red-fox|species:gray-fox,,"plain meaning of ""fox"", restricted to species NatureServe records here",https://www.tn.gov/twra/hunting/tennessee-hunting-seasons-summary.html
us-tn,Gallinule and Moorhen,OPEN_SEASON,SPECIES_ATTRIBUTED,species:common-gallinule|species:purple-gallinule,,50 CFR 10.13 common-name groups / 50 CFR 20.11(a) families,https://www.tn.gov/twra/hunting/tennessee-hunting-seasons-summary.html
us-tn,Mergansers,OPEN_SEASON,SPECIES_ATTRIBUTED,species:common-merganser,,the row names this species,https://www.tn.gov/twra/hunting/tennessee-hunting-seasons-summary.html
us-tn,scaup,OPEN_SEASON,SPECIES_ATTRIBUTED,species:greater-scaup|species:lesser-scaup,,50 CFR 10.13 common-name groups / 50 CFR 20.11(a) families,https://www.tn.gov/twra/hunting/tennessee-hunting-seasons-summary.html
us-tn,Squirrel,OPEN_SEASON,UNRESOLVED,,,no authoritative membership for this group in the sources read,https://www.tn.gov/twra/hunting/tennessee-hunting-seasons-summary.html
us-tn,Teal,OPEN_SEASON,SPECIES_ATTRIBUTED,species:blue-winged-teal|species:green-winged-teal,,50 CFR 10.13 common-name groups / 50 CFR 20.11(a) families,https://www.tn.gov/twra/hunting/tennessee-hunting-seasons-summary.html
us-tn,Weasel,OPEN_SEASON,SPECIES_ATTRIBUTED,species:least-weasel|species:long-tailed-weasel,,"plain meaning of ""weasel"", restricted to species NatureServe records here",https://www.tn.gov/twra/hunting/small-game-regulations.html
us-tx,Bats,CLOSED_THIS_YEAR,NOT_RELEVANT,,,excluded taxa (take-exclusions.csv),https://tpwd.texas.gov/regulations/outdoor-annual/hunting/nongame-and-other-species
us-tx,Civet cat (spotted skunk),YEAR_ROUND,SPECIES_ATTRIBUTED,species:eastern-spotted-skunk,,the row names this species,https://tpwd.texas.gov/regulations/outdoor-annual/hunting/fur-bearing-animal-regulations/seasons-bag-limits
us-tx,Coot,OPEN_SEASON,SPECIES_ATTRIBUTED,species:american-coot,,the row names this species,https://tpwd.texas.gov/regulations/outdoor-annual/regs/animals/duck
us-tx,Exotic animals,YEAR_ROUND,GROUP_RULE_LEGALLY_APPLICABLE,,,a broad legal class; members are not attributable from the source,https://tpwd.texas.gov/regulations/outdoor-annual/hunting/nongame-and-other-species
us-tx,Exotic fowl,YEAR_ROUND,GROUP_RULE_LEGALLY_APPLICABLE,,,a broad legal class; members are not attributable from the source,https://tpwd.texas.gov/regulations/outdoor-annual/hunting/nongame-and-other-species
us-tx,Feral hogs,YEAR_ROUND,SPECIES_ATTRIBUTED,species:wild-boar,,the row names this species,https://tpwd.texas.gov/regulations/outdoor-annual/hunting/nongame-and-other-species
us-tx,Flying squirrels,YEAR_ROUND,SPECIES_ATTRIBUTED,species:northern-flying-squirrel,,the row names this species,https://tpwd.texas.gov/regulations/outdoor-annual/hunting/nongame-and-other-species
us-tx,Fox,YEAR_ROUND,SPECIES_ATTRIBUTED,species:red-fox|species:gray-fox|species:swift-fox|species:kit-fox,,"plain meaning of ""fox"", restricted to species NatureServe records here",https://tpwd.texas.gov/regulations/outdoor-annual/hunting/fur-bearing-animal-regulations/seasons-bag-limits
us-tx,Frogs,YEAR_ROUND,UNRESOLVED,,,no authoritative membership for this group in the sources read,https://tpwd.texas.gov/regulations/outdoor-annual/hunting/nongame-and-other-species
us-tx,Ground squirrels,YEAR_ROUND,SPECIES_ATTRIBUTED,species:thirteen-lined-ground-squirrel,,"plain meaning of ""ground squirrel"", restricted to species NatureServe records here",https://tpwd.texas.gov/regulations/outdoor-annual/hunting/nongame-and-other-species
us-tx,indigenous reptiles and amphibians (roadside capture),PERMIT_OR_DRAW,UNRESOLVED,,,no authoritative membership for this group in the sources read,https://tpwd.texas.gov/regulations/outdoor-annual/licenses/hunting-licenses-and-permits/hunting-endorsements
us-tx,King and Clapper Rails,OPEN_SEASON,UNRESOLVED,,,no authoritative membership for this group in the sources read,https://tpwd.texas.gov/regulations/outdoor-annual/regs/animals/king-and-clapper-rails
us-tx,Light geese,OPEN_SEASON,SPECIES_ATTRIBUTED,species:snow-goose|species:rosss-goose,,50 CFR 10.13 common-name groups / 50 CFR 20.11(a) families,https://tpwd.texas.gov/regulations/outdoor-annual/hunting/migratory-game-bird-regulations/definitions
us-tx,mergansers,OPEN_SEASON,SPECIES_ATTRIBUTED,species:common-merganser,,the row names this species,https://tpwd.texas.gov/regulations/outdoor-annual/regs/animals/duck
us-tx,Mink,YEAR_ROUND,SPECIES_ATTRIBUTED,species:american-mink,,the row names this species,https://tpwd.texas.gov/regulations/outdoor-annual/hunting/fur-bearing-animal-regulations/seasons-bag-limits
us-tx,Moorhens (Common Gallinules) and Purple Gallinules,OPEN_SEASON,SPECIES_ATTRIBUTED,species:common-gallinule,,the row names this species,https://tpwd.texas.gov/regulations/outdoor-annual/regs/animals/king-and-clapper-rails
us-tx,Nuisance fur-bearing animals,YEAR_ROUND,GROUP_RULE_LEGALLY_APPLICABLE,,,a broad legal class; members are not attributable from the source,https://tpwd.texas.gov/regulations/outdoor-annual/hunting/fur-bearing-animal-regulations/definitions
us-tx,Otter,YEAR_ROUND,SPECIES_ATTRIBUTED,species:north-american-river-otter,,"plain meaning of ""otter"", restricted to species NatureServe records here",https://tpwd.texas.gov/regulations/outdoor-annual/hunting/fur-bearing-animal-regulations/seasons-bag-limits
us-tx,Pheasant,OPEN_SEASON,SPECIES_ATTRIBUTED,species:ring-necked-pheasant,species:green-pheasant (no occurrence record),"plain meaning of ""pheasant"", restricted to species NatureServe records here",https://tpwd.texas.gov/regulations/outdoor-annual/regs/animals/pheasant
us-tx,Prairie dogs,YEAR_ROUND,SPECIES_ATTRIBUTED,species:black-tailed-prairie-dog,,"plain meaning of ""prairie dog"", restricted to species NatureServe records here",https://tpwd.texas.gov/regulations/outdoor-annual/hunting/nongame-and-other-species
us-tx,Protected birds (all indigenous birds),CLOSED_THIS_YEAR,NOT_RELEVANT,,,"protected list, no take",https://tpwd.texas.gov/regulations/outdoor-annual/hunting/nongame-and-other-species
us-tx,Quail,OPEN_SEASON,PARTIAL_GROUP_WITH_EXCLUSIONS,species:gambels-quail|species:northern-bobwhite|species:scaled-quail,species:montezuma-quail (closed by name in this jurisdiction),"plain meaning of ""quail"", restricted to species NatureServe records here",https://tpwd.texas.gov/regulations/outdoor-annual/regs/animals/quail
us-tx,Rabbits and Hares,YEAR_ROUND,UNRESOLVED,,,no authoritative membership for this group in the sources read,https://tpwd.texas.gov/regulations/outdoor-annual/regs/animals/rabbits-and-hares
us-tx,Rattlesnakes,PERMIT_OR_DRAW,SPECIES_ATTRIBUTED,species:western-rattlesnake,,the row names this species,https://tpwd.texas.gov/regulations/outdoor-annual/hunting/nongame-and-other-species
us-tx,Ring-tailed cat,YEAR_ROUND,SPECIES_ATTRIBUTED,species:ringtail,,the row names this species,https://tpwd.texas.gov/regulations/outdoor-annual/hunting/fur-bearing-animal-regulations/seasons-bag-limits
us-tx,scaup,OPEN_SEASON,SPECIES_ATTRIBUTED,species:greater-scaup|species:lesser-scaup,,50 CFR 10.13 common-name groups / 50 CFR 20.11(a) families,https://tpwd.texas.gov/regulations/outdoor-annual/regs/animals/duck
us-tx,Skunk,YEAR_ROUND,PARTIAL_GROUP_WITH_EXCLUSIONS,species:striped-skunk|species:eastern-spotted-skunk,species:hog-nosed-skunk (eligibility UNKNOWN),"plain meaning of ""skunk"", restricted to species NatureServe records here",https://tpwd.texas.gov/regulations/outdoor-annual/hunting/fur-bearing-animal-regulations/seasons-bag-limits
us-tx,Squirrel,OPEN_SEASON,UNRESOLVED,,,no authoritative membership for this group in the sources read,https://tpwd.texas.gov/regulations/outdoor-annual/regs/animals/squirrel
us-tx,Swan,CLOSED_THIS_YEAR,SPECIES_ATTRIBUTED,species:tundra-swan,,50 CFR 10.13 common-name groups / 50 CFR 20.11(a) families,https://tpwd.texas.gov/regulations/outdoor-annual/hunting/migratory-game-bird-regulations/illegal-species
us-tx,"Teal (blue-winged, green-winged, cinnamon)",OPEN_SEASON,SPECIES_ATTRIBUTED,species:blue-winged-teal|species:green-winged-teal|species:cinnamon-teal,,the source enumerates its members,https://tpwd.texas.gov/regulations/outdoor-annual/regs/animals/blue-winged-green-winged-and-cinnamon-teal
us-tx,Turtles (freshwater),YEAR_ROUND,UNRESOLVED,,,no authoritative membership for this group in the sources read,https://tpwd.texas.gov/regulations/outdoor-annual/hunting/nongame-and-other-species
us-ut,Bats of any species,PERMIT_OR_DRAW,NOT_RELEVANT,,,excluded taxa (take-exclusions.csv),https://wildlife.utah.gov/rules/r657-19
us-ut,Ducks,OPEN_SEASON,SPECIES_ATTRIBUTED,species:mallard|species:wood-duck|species:northern-pintail|species:gadwall|species:american-wigeon|species:green-winged-teal|species:blue-winged-teal|species:northern-shoveler|species:canvasback|species:redhead|species:ring-necked-duck|species:greater-scaup|species:common-goldeneye|species:barrows-goldeneye|species:bufflehead|species:cinnamon-teal|species:common-merganser|species:hooded-merganser|species:long-tailed-duck|species:red-breasted-merganser|species:ruddy-duck|species:surf-scoter|species:white-winged-scoter,,50 CFR 10.13 common-name groups / 50 CFR 20.11(a) families,https://wildlife.utah.gov/guidebooks/waterfowl-upland-game-turkey-guidebook.pdf
us-ut,Gopher,YEAR_ROUND,NOT_RELEVANT,,,excluded taxa (take-exclusions.csv),https://wildlife.utah.gov/rules/r657-03b
us-ut,"Mice, rats, or voles of the families Heteromyidae, Cricetidae, or Zapodidae",YEAR_ROUND,NOT_RELEVANT,,,excluded taxa (take-exclusions.csv),https://wildlife.utah.gov/rules/r657-19
us-ut,Rails,CLOSED_THIS_YEAR,SPECIES_ATTRIBUTED,species:virginia-rail,,50 CFR 10.13 common-name groups / 50 CFR 20.11(a) families,https://wildlife.utah.gov/guidebooks/waterfowl-upland-game-turkey-guidebook.pdf
us-ut,"Shrew - Soricidae, all species",PERMIT_OR_DRAW,NOT_RELEVANT,,,excluded taxa (take-exclusions.csv),https://wildlife.utah.gov/rules/r657-19
us-ut,"Squirrels, prairie dogs, and marmots of the family Sciuridae",YEAR_ROUND,PARTIAL_GROUP_WITH_EXCLUSIONS,species:american-red-squirrel|species:aberts-squirrel|species:white-tailed-prairie-dog|species:gunnisons-prairie-dog|species:wyoming-ground-squirrel|species:thirteen-lined-ground-squirrel|species:rock-squirrel|species:yellow-bellied-marmot|species:northern-flying-squirrel,species:uinta-ground-squirrel (eligibility UNKNOWN)|species:beldings-ground-squirrel (eligibility UNKNOWN)|species:golden-mantled-ground-squirrel (eligibility UNKNOWN),the source names the family Sciuridae,https://wildlife.utah.gov/rules/r657-19
us-va,Ducks,OPEN_SEASON,PARTIAL_GROUP_WITH_EXCLUSIONS,species:mallard|species:american-black-duck|species:wood-duck|species:northern-pintail|species:gadwall|species:american-wigeon|species:green-winged-teal|species:blue-winged-teal|species:northern-shoveler|species:canvasback|species:redhead|species:ring-necked-duck|species:greater-scaup|species:lesser-scaup|species:common-goldeneye|species:bufflehead|species:black-scoter|species:common-eider|species:common-merganser|species:hooded-merganser|species:king-eider|species:long-tailed-duck|species:red-breasted-merganser|species:ruddy-duck|species:surf-scoter|species:white-winged-scoter|species:eurasian-wigeon,species:harlequin-duck (closed by name in this jurisdiction),50 CFR 10.13 common-name groups / 50 CFR 20.11(a) families,https://dwr.virginia.gov/hunting/regulations/migratory-gamebirds/
us-va,eiders,OPEN_SEASON,SPECIES_ATTRIBUTED,species:common-eider,,the row names this species,https://dwr.virginia.gov/hunting/regulations/migratory-gamebirds/
us-va,Light Goose (Greater and Lesser Snow Geese and Ross's Geese),OPEN_SEASON,SPECIES_ATTRIBUTED,species:snow-goose,,50 CFR 10.13 common-name groups / 50 CFR 20.11(a) families,https://dwr.virginia.gov/hunting/regulations/migratory-gamebirds/
us-va,Mergansers,OPEN_SEASON,SPECIES_ATTRIBUTED,species:common-merganser,,the row names this species,https://dwr.virginia.gov/hunting/regulations/migratory-gamebirds/
us-va,native or naturalized (reptile or amphibian) not listed in Virginia's Wildlife Action Plan,UNPROTECTED,GROUP_RULE_LEGALLY_APPLICABLE,,,a broad legal class; members are not attributable from the source,https://dwr.virginia.gov/fishing/regulations/nongame/
us-va,scaup,OPEN_SEASON,SPECIES_ATTRIBUTED,species:greater-scaup|species:lesser-scaup,,50 CFR 10.13 common-name groups / 50 CFR 20.11(a) families,https://dwr.virginia.gov/hunting/regulations/migratory-gamebirds/
us-va,scoters,OPEN_SEASON,SPECIES_ATTRIBUTED,species:black-scoter|species:surf-scoter|species:white-winged-scoter,,50 CFR 10.13 common-name groups / 50 CFR 20.11(a) families,https://dwr.virginia.gov/hunting/regulations/migratory-gamebirds/
us-va,Weasel,OPEN_SEASON,SPECIES_ATTRIBUTED,species:least-weasel|species:long-tailed-weasel,,"plain meaning of ""weasel"", restricted to species NatureServe records here",https://dwr.virginia.gov/hunting/regulations/furbearertrapping/
us-vt,"Ducks, Coots and Mergansers",OPEN_SEASON,SPECIES_ATTRIBUTED,species:american-coot|species:common-merganser,,the source enumerates its members,https://www.vtfishandwildlife.com/sites/fishandwildlife/files/documents/Hunt/waterfowl/migratory-bird-syllabus-2026-WEB-v2.pdf
us-wa,Unclassified wildlife,UNPROTECTED,GROUP_RULE_LEGALLY_APPLICABLE,,,a broad legal class; members are not attributable from the source,https://www.eregulations.com/assets/docs/guides/26WAGB-LR2.pdf
us-wi,All other wild mammals not specifically mentioned and not protected,UNPROTECTED,GROUP_RULE_LEGALLY_APPLICABLE,,,a broad legal class; members are not attributable from the source,https://dnr.wisconsin.gov/topic/Hunt/regulations/OnlineHuntingRegulations
us-wi,Beaver,OPEN_SEASON,SPECIES_ATTRIBUTED,species:beaver,,the row names this species,https://dnr.wisconsin.gov/topic/Hunt/regulations/OnlineHuntingRegulations
us-wi,Black bear,PERMIT_OR_DRAW,SPECIES_ATTRIBUTED,species:american-black-bear,,the row names this species,https://dnr.wisconsin.gov/topic/Hunt/regulations/OnlineHuntingRegulations
us-wi,Black duck,OPEN_SEASON,SPECIES_ATTRIBUTED,species:american-black-duck,,the row names this species,https://dnr.wisconsin.gov/topic/Hunt/regulations/OnlineHuntingRegulations
us-wi,Blanding's turtle,CLOSED_THIS_YEAR,UNRESOLVED,,,no authoritative membership for this group in the sources read,https://dnr.wisconsin.gov/node/121596
us-wi,Bobcat,PERMIT_OR_DRAW,SPECIES_ATTRIBUTED,species:bobcat,,the row names this species,https://dnr.wisconsin.gov/topic/Hunt/regulations/OnlineHuntingRegulations
us-wi,Bobwhite quail,OPEN_SEASON,SPECIES_ATTRIBUTED,species:northern-bobwhite,,the row names this species,https://dnr.wisconsin.gov/topic/Hunt/regulations/OnlineHuntingRegulations
us-wi,Brant,OPEN_SEASON,SPECIES_ATTRIBUTED,species:brant,,the row names this species,https://dnr.wisconsin.gov/topic/Hunt/regulations/OnlineHuntingRegulations
us-wi,Canada goose,OPEN_SEASON,SPECIES_ATTRIBUTED,species:canada-goose,,the row names this species,https://dnr.wisconsin.gov/topic/Hunt/regulations/OnlineHuntingRegulations
us-wi,Canvasback,OPEN_SEASON,SPECIES_ATTRIBUTED,species:canvasback,,the row names this species,https://dnr.wisconsin.gov/topic/Hunt/regulations/OnlineHuntingRegulations
us-wi,Chukar partridge,UNPROTECTED,SPECIES_ATTRIBUTED,species:chukar,,the row names this species,https://dnr.wisconsin.gov/topic/Hunt/regulations/OnlineHuntingRegulations
us-wi,Common gallinule,OPEN_SEASON,SPECIES_ATTRIBUTED,species:common-gallinule,,the row names this species,https://dnr.wisconsin.gov/topic/Hunt/regulations/OnlineHuntingRegulations
us-wi,Coot,OPEN_SEASON,SPECIES_ATTRIBUTED,species:american-coot,,the row names this species,https://dnr.wisconsin.gov/topic/Hunt/regulations/OnlineHuntingRegulations
us-wi,Cottontail rabbit,OPEN_SEASON,SPECIES_ATTRIBUTED,species:eastern-cottontail,,"plain meaning of ""cottontail rabbit"", restricted to species NatureServe records here",https://dnr.wisconsin.gov/topic/Hunt/regulations/OnlineHuntingRegulations
us-wi,Coturnix quail,UNPROTECTED,SPECIES_ATTRIBUTED,species:japanese-quail,,the row names this species,https://dnr.wisconsin.gov/topic/Hunt/regulations/OnlineHuntingRegulations
us-wi,Coyote,OPEN_SEASON,SPECIES_ATTRIBUTED,species:coyote,,the row names this species,https://dnr.wisconsin.gov/topic/Hunt/regulations/OnlineHuntingRegulations
us-wi,Crow,OPEN_SEASON,SPECIES_ATTRIBUTED,species:american-crow,,the row names this species,https://dnr.wisconsin.gov/topic/Hunt/regulations/OnlineHuntingRegulations
us-wi,Ducks,OPEN_SEASON,SPECIES_ATTRIBUTED,species:mallard|species:american-black-duck|species:wood-duck|species:northern-pintail|species:gadwall|species:american-wigeon|species:green-winged-teal|species:blue-winged-teal|species:northern-shoveler|species:canvasback|species:redhead|species:ring-necked-duck|species:common-goldeneye|species:bufflehead|species:black-scoter|species:cinnamon-teal|species:common-merganser|species:hooded-merganser|species:red-breasted-merganser|species:ruddy-duck|species:surf-scoter|species:white-winged-scoter|species:eurasian-wigeon,,50 CFR 10.13 common-name groups / 50 CFR 20.11(a) families,https://dnr.wisconsin.gov/topic/Hunt/regulations/OnlineHuntingRegulations
us-wi,Early Teal,OPEN_SEASON,SPECIES_ATTRIBUTED,species:blue-winged-teal|species:cinnamon-teal|species:green-winged-teal,,50 CFR 10.13 common-name groups / 50 CFR 20.11(a) families,https://dnr.wisconsin.gov/topic/Hunt/regulations/OnlineHuntingRegulations
us-wi,Elk,PERMIT_OR_DRAW,SPECIES_ATTRIBUTED,species:elk,,the row names this species,https://dnr.wisconsin.gov/topic/Hunt/regulations/OnlineHuntingRegulations
us-wi,Feral hog,UNPROTECTED,SPECIES_ATTRIBUTED,species:wild-boar,,the row names this species,https://dnr.wisconsin.gov/topic/Hunt/regulations/OnlineHuntingRegulations
us-wi,Feral pigeon,UNPROTECTED,SPECIES_ATTRIBUTED,species:rock-pigeon,,the row names this species,https://dnr.wisconsin.gov/topic/Hunt/regulations/OnlineHuntingRegulations
us-wi,Fisher,PERMIT_OR_DRAW,SPECIES_ATTRIBUTED,species:fisher,,the row names this species,https://dnr.wisconsin.gov/topic/Hunt/regulations/OnlineHuntingRegulations
us-wi,Fox (Red & Gray),OPEN_SEASON,SPECIES_ATTRIBUTED,species:red-fox|species:gray-fox,,the source enumerates its members,https://dnr.wisconsin.gov/topic/Hunt/regulations/OnlineHuntingRegulations
us-wi,Frogs,OPEN_SEASON,UNRESOLVED,,,no authoritative membership for this group in the sources read,https://widnr.widen.net/s/j9g9smczms/spearnetelectronic2627
us-wi,Gray wolf,CLOSED_THIS_YEAR,PARTIAL_GROUP_WITH_EXCLUSIONS,,species:gray-wolf (closed by name in this jurisdiction),the row names this species,https://dnr.wisconsin.gov/topic/trap/regulations
us-wi,Greater white-fronted goose,OPEN_SEASON,SPECIES_ATTRIBUTED,species:greater-white-fronted-goose,,the row names this species,https://dnr.wisconsin.gov/topic/Hunt/regulations/OnlineHuntingRegulations
us-wi,Hooded merganser,OPEN_SEASON,SPECIES_ATTRIBUTED,species:hooded-merganser,,the row names this species,https://dnr.wisconsin.gov/topic/Hunt/regulations/OnlineHuntingRegulations
us-wi,Hungarian (gray) partridge,OPEN_SEASON,SPECIES_ATTRIBUTED,species:gray-partridge,,the row names this species,https://dnr.wisconsin.gov/topic/Hunt/regulations/OnlineHuntingRegulations
us-wi,Mallard,OPEN_SEASON,SPECIES_ATTRIBUTED,species:mallard,,the row names this species,https://dnr.wisconsin.gov/topic/Hunt/regulations/OnlineHuntingRegulations
us-wi,Mergansers,OPEN_SEASON,SPECIES_ATTRIBUTED,species:common-merganser,,the row names this species,https://dnr.wisconsin.gov/topic/Hunt/regulations/OnlineHuntingRegulations
us-wi,Mink & Muskrat,OPEN_SEASON,UNRESOLVED,,,no authoritative membership for this group in the sources read,https://dnr.wisconsin.gov/topic/Hunt/regulations/OnlineHuntingRegulations
us-wi,Mourning dove,OPEN_SEASON,SPECIES_ATTRIBUTED,species:mourning-dove,,the row names this species,https://dnr.wisconsin.gov/topic/Hunt/regulations/OnlineHuntingRegulations
us-wi,Opossum,UNPROTECTED,SPECIES_ATTRIBUTED,species:virginia-opossum,,"plain meaning of ""opossum"", restricted to species NatureServe records here",https://dnr.wisconsin.gov/topic/Hunt/regulations/OnlineHuntingRegulations
us-wi,Ornate box turtle,CLOSED_THIS_YEAR,UNRESOLVED,,,no authoritative membership for this group in the sources read,https://dnr.wisconsin.gov/node/121596
us-wi,Other native turtles,OPEN_SEASON,UNRESOLVED,,,no authoritative membership for this group in the sources read,https://dnr.wisconsin.gov/node/121596
us-wi,Otter,PERMIT_OR_DRAW,SPECIES_ATTRIBUTED,species:north-american-river-otter,,"plain meaning of ""otter"", restricted to species NatureServe records here",https://dnr.wisconsin.gov/topic/Hunt/regulations/OnlineHuntingRegulations
us-wi,Pheasant,OPEN_SEASON,SPECIES_ATTRIBUTED,species:ring-necked-pheasant,species:green-pheasant (no occurrence record),"plain meaning of ""pheasant"", restricted to species NatureServe records here",https://dnr.wisconsin.gov/topic/Hunt/regulations/OnlineHuntingRegulations
us-wi,Pintail,OPEN_SEASON,SPECIES_ATTRIBUTED,species:northern-pintail,,the row names this species,https://dnr.wisconsin.gov/topic/Hunt/regulations/OnlineHuntingRegulations
us-wi,Porcupine,UNPROTECTED,SPECIES_ATTRIBUTED,species:north-american-porcupine,,the row names this species,https://dnr.wisconsin.gov/topic/Hunt/regulations/OnlineHuntingRegulations
us-wi,Raccoon,OPEN_SEASON,SPECIES_ATTRIBUTED,species:raccoon,,the row names this species,https://dnr.wisconsin.gov/topic/Hunt/regulations/OnlineHuntingRegulations
us-wi,Redhead,OPEN_SEASON,SPECIES_ATTRIBUTED,species:redhead,,the row names this species,https://dnr.wisconsin.gov/topic/Hunt/regulations/OnlineHuntingRegulations
us-wi,Ruffed grouse,OPEN_SEASON,SPECIES_ATTRIBUTED,species:ruffed-grouse,,the row names this species,https://dnr.wisconsin.gov/topic/Hunt/regulations/OnlineHuntingRegulations
us-wi,Scaup,OPEN_SEASON,UNRESOLVED,,,50 CFR 10.13 common-name groups / 50 CFR 20.11(a) families; no candidate member is recorded here by NatureServe,https://dnr.wisconsin.gov/topic/Hunt/regulations/OnlineHuntingRegulations
us-wi,Sharp-tailed grouse,PERMIT_OR_DRAW,SPECIES_ATTRIBUTED,species:sharp-tailed-grouse,,the row names this species,https://dnr.wisconsin.gov/topic/Hunt/regulations/OnlineHuntingRegulations
us-wi,Skunk,UNPROTECTED,SPECIES_ATTRIBUTED,species:striped-skunk,,"plain meaning of ""skunk"", restricted to species NatureServe records here",https://dnr.wisconsin.gov/topic/Hunt/regulations/OnlineHuntingRegulations
us-wi,Snipe,OPEN_SEASON,SPECIES_ATTRIBUTED,species:wilsons-snipe,,50 CFR 10.13 common-name groups / 50 CFR 20.11(a) families,https://dnr.wisconsin.gov/topic/Hunt/regulations/OnlineHuntingRegulations
us-wi,Snowshoe hare,YEAR_ROUND,SPECIES_ATTRIBUTED,species:snowshoe-hare,,the row names this species,https://dnr.wisconsin.gov/topic/Hunt/regulations/OnlineHuntingRegulations
us-wi,Softshell turtle,OPEN_SEASON,SPECIES_ATTRIBUTED,species:smooth-softshell-turtle,,the row names this species,https://dnr.wisconsin.gov/node/121596
us-wi,Squirrels (Gray & Fox),OPEN_SEASON,SPECIES_ATTRIBUTED,species:eastern-gray-squirrel|species:fox-squirrel,,the source enumerates its members,https://dnr.wisconsin.gov/topic/Hunt/regulations/OnlineHuntingRegulations
us-wi,Starling,UNPROTECTED,SPECIES_ATTRIBUTED,species:european-starling,,the row names this species,https://dnr.wisconsin.gov/topic/Hunt/regulations/OnlineHuntingRegulations
us-wi,Weasel,UNPROTECTED,SPECIES_ATTRIBUTED,species:least-weasel|species:long-tailed-weasel|species:american-ermine,,"plain meaning of ""weasel"", restricted to species NatureServe records here",https://dnr.wisconsin.gov/topic/Hunt/regulations/OnlineHuntingRegulations
us-wi,White geese (snow/blue geese and Ross's geese),OPEN_SEASON,UNRESOLVED,,,no authoritative membership for this group in the sources read,https://dnr.wisconsin.gov/topic/Hunt/regulations/OnlineHuntingRegulations
us-wi,White-tailed deer,OPEN_SEASON,SPECIES_ATTRIBUTED,species:white-tailed-deer,,the row names this species,https://dnr.wisconsin.gov/topic/Hunt/regulations/OnlineHuntingRegulations
us-wi,Wild turkey,PERMIT_OR_DRAW,SPECIES_ATTRIBUTED,species:wild-turkey,,the row names this species,https://dnr.wisconsin.gov/topic/Hunt/regulations/OnlineHuntingRegulations
us-wi,Wood duck,OPEN_SEASON,SPECIES_ATTRIBUTED,species:wood-duck,,the row names this species,https://dnr.wisconsin.gov/topic/Hunt/regulations/OnlineHuntingRegulations
us-wi,Wood turtle,CLOSED_THIS_YEAR,UNRESOLVED,,,no authoritative membership for this group in the sources read,https://dnr.wisconsin.gov/node/121596
us-wi,Woodchuck,UNPROTECTED,SPECIES_ATTRIBUTED,species:woodchuck,,the row names this species,https://dnr.wisconsin.gov/topic/Hunt/regulations/OnlineHuntingRegulations
us-wi,Woodcock,OPEN_SEASON,SPECIES_ATTRIBUTED,species:american-woodcock,,the row names this species,https://dnr.wisconsin.gov/topic/Hunt/regulations/OnlineHuntingRegulations
us-wv,Ducks,OPEN_SEASON,SPECIES_ATTRIBUTED,species:mallard|species:american-black-duck|species:wood-duck|species:northern-pintail|species:gadwall|species:american-wigeon|species:blue-winged-teal|species:northern-shoveler|species:canvasback|species:redhead|species:ring-necked-duck|species:greater-scaup|species:lesser-scaup|species:common-goldeneye|species:bufflehead|species:black-scoter|species:common-merganser|species:hooded-merganser|species:long-tailed-duck|species:red-breasted-merganser|species:ruddy-duck|species:surf-scoter|species:white-winged-scoter,,50 CFR 10.13 common-name groups / 50 CFR 20.11(a) families,https://wvdnr.gov/wp-content/uploads/2026/08/Pub_Regs_MigBird2026_DNR_WILD_Rdr_Sprds_ADA.pdf
us-wv,Eiders,CLOSED_THIS_YEAR,SPECIES_ATTRIBUTED,species:common-eider,,the row names this species,https://wvdnr.gov/wp-content/uploads/2026/08/Pub_Regs_MigBird2026_DNR_WILD_Rdr_Sprds_ADA.pdf
us-wv,Gallinules,OPEN_SEASON,SPECIES_ATTRIBUTED,species:common-gallinule,,the row names this species,https://wvdnr.gov/wp-content/uploads/2026/08/Pub_Regs_MigBird2026_DNR_WILD_Rdr_Sprds_ADA.pdf
us-wv,Mergansers,OPEN_SEASON,SPECIES_ATTRIBUTED,species:common-merganser,,the row names this species,https://wvdnr.gov/wp-content/uploads/2026/08/Pub_Regs_MigBird2026_DNR_WILD_Rdr_Sprds_ADA.pdf
us-wv,Scaup,OPEN_SEASON,SPECIES_ATTRIBUTED,species:greater-scaup|species:lesser-scaup,,50 CFR 10.13 common-name groups / 50 CFR 20.11(a) families,https://wvdnr.gov/wp-content/uploads/2026/08/Pub_Regs_MigBird2026_DNR_WILD_Rdr_Sprds_ADA.pdf
us-wv,scoters,OPEN_SEASON,SPECIES_ATTRIBUTED,species:black-scoter|species:surf-scoter|species:white-winged-scoter,,50 CFR 10.13 common-name groups / 50 CFR 20.11(a) families,https://wvdnr.gov/wp-content/uploads/2026/08/Pub_Regs_MigBird2026_DNR_WILD_Rdr_Sprds_ADA.pdf
us-wv,Skunk,YEAR_ROUND,SPECIES_ATTRIBUTED,species:striped-skunk|species:eastern-spotted-skunk,,"plain meaning of ""skunk"", restricted to species NatureServe records here",https://wvdnr.gov/hunting-seasons/
us-wv,"Squirrel (Gray, Black, Albino and Fox)",OPEN_SEASON,UNRESOLVED,,,no authoritative membership for this group in the sources read,https://wvdnr.gov/hunting-seasons/
us-wv,Weasel,YEAR_ROUND,SPECIES_ATTRIBUTED,species:least-weasel|species:long-tailed-weasel,,"plain meaning of ""weasel"", restricted to species NatureServe records here",https://wvdnr.gov/hunting-seasons/
us-wv,Whistling Ducks,CLOSED_THIS_YEAR,UNRESOLVED,,,no authoritative membership for this group in the sources read,https://wvdnr.gov/wp-content/uploads/2026/08/Pub_Regs_MigBird2026_DNR_WILD_Rdr_Sprds_ADA.pdf
us-wy,Amphibians and reptiles not specifically referenced in s.7(a),UNPROTECTED,UNRESOLVED,,,no authoritative membership for this group in the sources read,https://wgfd.wyo.gov/media/33031/download?inline
us-wy,Birds declared as pests (Weed and Pest Control Act),UNPROTECTED,UNRESOLVED,,,no authoritative membership for this group in the sources read,https://wgfd.wyo.gov/media/33031/download?inline
us-wy,Cottontail Rabbit,OPEN_SEASON,SPECIES_ATTRIBUTED,species:eastern-cottontail|species:desert-cottontail|species:mountain-cottontail,,"plain meaning of ""cottontail rabbit"", restricted to species NatureServe records here",https://wgfd.wyo.gov/media/33698/download?inline
us-wy,Dark Geese,OPEN_SEASON,SPECIES_ATTRIBUTED,species:canada-goose|species:cackling-goose|species:greater-white-fronted-goose,,50 CFR 10.13 common-name groups / 50 CFR 20.11(a) families,https://wgfd.wyo.gov/media/33699/download?inline
us-wy,Ducks and Mergansers,OPEN_SEASON,SPECIES_ATTRIBUTED,species:mallard|species:wood-duck|species:northern-pintail|species:gadwall|species:american-wigeon|species:green-winged-teal|species:blue-winged-teal|species:northern-shoveler|species:canvasback|species:redhead|species:ring-necked-duck|species:greater-scaup|species:lesser-scaup|species:common-goldeneye|species:barrows-goldeneye|species:bufflehead|species:cinnamon-teal|species:common-merganser|species:harlequin-duck|species:red-breasted-merganser|species:ruddy-duck|species:eurasian-wigeon,,50 CFR 10.13 common-name groups / 50 CFR 20.11(a) families,https://wgfd.wyo.gov/media/33699/download?inline
us-wy,Exotic species of birds,UNPROTECTED,GROUP_RULE_LEGALLY_APPLICABLE,,,a broad legal class; members are not attributable from the source,https://wgfd.wyo.gov/media/33031/download?inline
us-wy,Ground squirrels ('gophers'),UNPROTECTED,UNRESOLVED,,,no authoritative membership for this group in the sources read,https://wgfd.wyo.gov/do-i-need-license-shoot-gophers
us-wy,Jackrabbit,UNPROTECTED,SPECIES_ATTRIBUTED,species:black-tailed-jackrabbit|species:white-tailed-jackrabbit,,"plain meaning of ""jackrabbit"", restricted to species NatureServe records here",https://wyoleg.gov/statutes/compress/title23.pdf
us-wy,Mammals declared as pests (Weed and Pest Control Act),UNPROTECTED,UNRESOLVED,,,no authoritative membership for this group in the sources read,https://wgfd.wyo.gov/media/33031/download?inline
us-wy,Prairie dogs,UNPROTECTED,SPECIES_ATTRIBUTED,species:black-tailed-prairie-dog|species:white-tailed-prairie-dog|species:gunnisons-prairie-dog,,"plain meaning of ""prairie dog"", restricted to species NatureServe records here",https://wgfd.wyo.gov/what-do-i-need-hunt-prairie-dogs-wyoming
us-wy,Skunk,UNPROTECTED,SPECIES_ATTRIBUTED,species:striped-skunk|species:western-spotted-skunk,,"plain meaning of ""skunk"", restricted to species NatureServe records here",https://wyoleg.gov/statutes/compress/title23.pdf
us-wy,Weasel,OPEN_SEASON,SPECIES_ATTRIBUTED,species:least-weasel|species:long-tailed-weasel|species:american-ermine,,"plain meaning of ""weasel"", restricted to species NatureServe records here",https://wgfd.wyo.gov/sites/default/files/content/PDF/Regulations/CH-4_SOS.pdf
